Workbook

Sheet Desincorporaciones (Resumen)
C3: Count of ¿Baja? (Emiliano OS) | D3: Column Labels
C4: Row Labels | D4: NO | E4: Grand Total
C5: NW | D5: 6 | E5: 6
C6: NE | D6: 23 | E6: 23
C7: WE | D7: 5 | E7: 5
C8: SE | D8: 4 | E8: 4
C9: CE | D9: 2 | E9: 2
C10: Grand Total | D10: 40 | E10: 40

Sheet Base
A1: CeCo | B1: Desc | C1: Región (16) | D1: GZ (20) | E1: Indirectos (37) | F1: ¿Baja Anterior? (Status-Activo24) | G1: ¿Baja? (Emiliano OS) | H1: Tipo de Cierre -Usuarios | I1: ¿BAJA MAE? (4) | J1: Inventarios | K1: Activo Fijo | L1: RH (7) | M1: V.Out | N1: ¿ Contrato Renta? | O1: Num. De Doc. Contrato | P1: ¿Status Licencias? | Q1: Licencias | R1: Agua (Centralizado ) | S1: Energía (Centralizado ) | T1: Energia Verde (6) | U1: CXC | V1: POS
A2: 300153569 | B2: Six Lucero | C2: SE | D2: GZ - YUCAM | E2: Directo | F2: Activo | G2: NO | H2: Natural | I2: SI | J2: 1166 | K2: 0 | L2: =_xlfn.XLOOKUP(A2,[2]Sheet1!$D$1:$D$65536,[2]Sheet1!$Q$1:$Q$65536,"Vacante") -> Vacante | M2: 0 | N2: =IF(O2<>"-","SI","NO") -> NO | O2: - | P2: =IF(Q2<>"-","SI","NO") -> SI | Q2: 6000012972 | R2: OK | S2: OK | T2: no | U2: =_xlfn.XLOOKUP(A2,[3]Sheet2!$A:$A,[3]Sheet2!$B:$B,0) -> -133172.37 | V2: CARGADO | W2: =_xlfn.XLOOKUP(A2,#REF!,#REF!) -> #REF!
A3: 301412270 | B3: JAL SIX I ABARROTES ARENAS | C3: WE | D3: GZ - JALISCO - NAYARIT | E3: Indirecto | F3: Activo | G3: NO | H3: Natural | I3: NO | J3: 0 | K3: 0 | L3: =_xlfn.XLOOKUP(A3,[2]Sheet1!$D$1:$D$65536,[2]Sheet1!$Q$1:$Q$65536,"Vacante") -> Vacante | M3: 0.01422 | N3: =IF(O3<>"-","SI","NO") -> NO | O3: - | P3: =IF(Q3<>"-","SI","NO") -> NO | Q3: - | R3: OK | S3: OK | T3: no | U3: =_xlfn.XLOOKUP(A3,[3]Sheet2!$A:$A,[3]Sheet2!$B:$B,0) -> -3712.76 | V3: CARGADO | W3: =_xlfn.XLOOKUP(A3,#REF!,#REF!) -> #REF!
A4: 301405252 | B4: JAL SIX I Abarrotes Valverde | C4: WE | D4: GZ - JALISCO - NAYARIT | E4: Indirecto | F4: Activo | G4: NO | H4: Natural | I4: NO | J4: 22052.94 | K4: 0 | L4: Activo | M4: 0.00474 | N4: =IF(O4<>"-","SI","NO") -> NO | O4: - | P4: =IF(Q4<>"-","SI","NO") -> NO | Q4: - | R4: OK | S4: OK | T4: no | U4: =_xlfn.XLOOKUP(A4,[3]Sheet2!$A:$A,[3]Sheet2!$B:$B,0) -> -12886.92 | V4: CARGADO | W4: =_xlfn.XLOOKUP(A4,#REF!,#REF!) -> #REF!
A5: 301495908 | B5: Ver Sur Six Beti | C5: SE | D5: GZ - TABASCO | E5: Directo | F5: Activo | G5: NO | H5: Natural | I5: NO | J5: 0 | K5: 67517.14 | L5: =_xlfn.XLOOKUP(A5,[2]Sheet1!$D$1:$D$65536,[2]Sheet1!$Q$1:$Q$65536,"Vacante") -> Vacante | M5: 0 | N5: =IF(O5<>"-","SI","NO") -> NO | O5: - | P5: =IF(Q5<>"-","SI","NO") -> NO | Q5: - | R5: ALTA | S5: ALTA | T5: NO | U5: =_xlfn.XLOOKUP(A5,[3]Sheet2!$A:$A,[3]Sheet2!$B:$B,0) -> 3602.95 | V5: CARGADO | W5: =_xlfn.XLOOKUP(A5,#REF!,#REF!) -> #REF!
A6: 301167103 | B6: Six Brody | C6: SE | D6: GZ - QROO | E6: Directo | F6: Activo | G6: NO | H6: Natural | I6: NO | J6: 0 | K6: 0 | L6: =_xlfn.XLOOKUP(A6,[2]Sheet1!$D$1:$D$65536,[2]Sheet1!$Q$1:$Q$65536,"Vacante") -> Vacante | M6: 0.01071 | N6: =IF(O6<>"-","SI","NO") -> NO | O6: - | P6: =IF(Q6<>"-","SI","NO") -> NO | Q6: - | R6: OK | S6: OK | T6: no | U6: =_xlfn.XLOOKUP(A6,[3]Sheet2!$A:$A,[3]Sheet2!$B:$B,0) -> -3745.19 | V6: CARGADO | W6: =_xlfn.XLOOKUP(A6,#REF!,#REF!) -> #REF!
A7: 300350538 | B7: La Cantera H3 | C7: SE | D7: GZ - OAXACA | E7: Directo | F7: Activo | G7: NO | H7: Natural | I7: NO | J7: 183.75 | K7: 0 | L7: =_xlfn.XLOOKUP(A7,[2]Sheet1!$D$1:$D$65536,[2]Sheet1!$Q$1:$Q$65536,"Vacante") -> Vacante | M7: 0 | N7: =IF(O7<>"-","SI","NO") -> NO | O7: - | P7: =IF(Q7<>"-","SI","NO") -> SI | Q7: 6000036150 | R7: ALTA | S7: ALTA | T7: NO | U7: =_xlfn.XLOOKUP(A7,[3]Sheet2!$A:$A,[3]Sheet2!$B:$B,0) -> 116741.34 | V7: CARGADO | W7: =_xlfn.XLOOKUP(A7,#REF!,#REF!) -> #REF!
A8: 300091113 | B8: Tsix Reforma | C8: NW | D8: GZ - SONORA | E8: Directo | F8: Activo | G8: NO | H8: Natural | I8: NO | J8: 0 | K8: 0 | L8: =_xlfn.XLOOKUP(A8,[2]Sheet1!$D$1:$D$65536,[2]Sheet1!$Q$1:$Q$65536,"Vacante") -> Vacante | M8: 0 | N8: =IF(O8<>"-","SI","NO") -> NO | O8: - | P8: =IF(Q8<>"-","SI","NO") -> NO | Q8: - | R8: OK | S8: OK | T8: no | U8: =_xlfn.XLOOKUP(A8,[3]Sheet2!$A:$A,[3]Sheet2!$B:$B,0) -> -21684.13 | V8: CARGADO | W8: =_xlfn.XLOOKUP(A8,#REF!,#REF!) -> #REF!
A9: 301427213 | B9: Son Six Michel | C9: NW | D9: GZ - SONORA | E9: Directo | F9: Activo | G9: NO | H9: Natural | I9: NO | J9: 205277.47 | K9: 0 | L9: =_xlfn.XLOOKUP(A9,[2]Sheet1!$D$1:$D$65536,[2]Sheet1!$Q$1:$Q$65536,"Vacante") -> Vacante | M9: 0 | N9: =IF(O9<>"-","SI","NO") -> NO | O9: - | P9: =IF(Q9<>"-","SI","NO") -> NO | Q9: - | R9: OK | S9: OK | T9: no | U9: =_xlfn.XLOOKUP(A9,[3]Sheet2!$A:$A,[3]Sheet2!$B:$B,0) -> 86.27 | V9: CARGADO | W9: =_xlfn.XLOOKUP(A9,#REF!,#REF!) -> #REF!
A10: 301371753 | B10: Bcs Six Ultramarinos La Luz | C10: NW | D10: GZ - BCS | E10: Directo | F10: Activo | G10: NO | H10: Natural | I10: NO | J10: 0 | K10: 0 | L10: =_xlfn.XLOOKUP(A10,[2]Sheet1!$D$1:$D$65536,[2]Sheet1!$Q$1:$Q$65536,"Vacante") -> Vacante | M10: 0 | N10: =IF(O10<>"-","SI","NO") -> NO | O10: - | P10: =IF(Q10<>"-","SI","NO") -> NO | Q10: - | R10: OK | S10: OK | T10: no | U10: =_xlfn.XLOOKUP(A10,[3]Sheet2!$A:$A,[3]Sheet2!$B:$B,0) -> -5628.37 | V10: CARGADO | W10: =_xlfn.XLOOKUP(A10,#REF!,#REF!) -> #REF!
A11: 300277204 | B11: Mini Super Ruiz | C11: NW | D11: GZ - BCS | E11: Directo | F11: Activo | G11: NO | H11: Natural | I11: NO | J11: 175883.84 | K11: 0 | L11: Activo | M11: 0 | N11: =IF(O11<>"-","SI","NO") -> NO | O11: - | P11: =IF(Q11<>"-","SI","NO") -> NO | Q11: - | R11: OK | S11: OK | T11: no | U11: =_xlfn.XLOOKUP(A11,[3]Sheet2!$A:$A,[3]Sheet2!$B:$B,0) -> 221.1 | V11: CARGADO | W11: =_xlfn.XLOOKUP(A11,#REF!,#REF!) -> #REF!
A12: 300086546 | B12: Super Six 005 Salvarcar | C12: NW | D12: GZ - JUAREZ | E12: Directo | F12: Activo | G12: NO | H12: Natural | I12: NO | J12: 16244.14 | K12: 0 | L12: =_xlfn.XLOOKUP(A12,[2]Sheet1!$D$1:$D$65536,[2]Sheet1!$Q$1:$Q$65536,"Vacante") -> Vacante | M12: 0.08568 | N12: =IF(O12<>"-","SI","NO") -> NO | O12: - | P12: =IF(Q12<>"-","SI","NO") -> NO | Q12: - | R12: OK | S12: OK | T12: no | U12: =_xlfn.XLOOKUP(A12,[3]Sheet2!$A:$A,[3]Sheet2!$B:$B,0) -> -49171.91 | V12: CARGADO | W12: =_xlfn.XLOOKUP(A12,#REF!,#REF!) -> #REF!
A13: 300986721 | B13: NL Six 4 Montemayor | C13: NE | D13: GZ - NUEVO LEON | E13: Directo | F13: Activo | G13: NO | H13: Natural | I13: NO | J13: 3566.2 | K13: 15891.78 | L13: =_xlfn.XLOOKUP(A13,[2]Sheet1!$D$1:$D$65536,[2]Sheet1!$Q$1:$Q$65536,"Vacante") -> Vacante | M13: 0 | N13: =IF(O13<>"-","SI","NO") -> NO | O13: - | P13: =IF(Q13<>"-","SI","NO") -> SI | Q13: 6000025909-6000109185 | R13: ALTA | S13: ALTA | T13: NO | U13: =_xlfn.XLOOKUP(A13,[3]Sheet2!$A:$A,[3]Sheet2!$B:$B,0) -> 9097.17 | V13: CARGADO | W13: =_xlfn.XLOOKUP(A13,#REF!,#REF!) -> #REF!
A14: 300835078 | B14: Tkt Six Ocaso | C14: NE | D14: GZ - NUEVO LEON | E14: Directo | F14: Activo | G14: NO | H14: Natural | I14: NO | J14: 1550.71 | K14: 14137.09 | L14: =_xlfn.XLOOKUP(A14,[2]Sheet1!$D$1:$D$65536,[2]Sheet1!$Q$1:$Q$65536,"Vacante") -> Vacante | M14: 0 | N14: =IF(O14<>"-","SI","NO") -> NO | O14: - | P14: =IF(Q14<>"-","SI","NO") -> SI | Q14: 6000072344-6000108417 | R14: ALTA | S14: ALTA | T14: Sí | U14: =_xlfn.XLOOKUP(A14,[3]Sheet2!$A:$A,[3]Sheet2!$B:$B,0) -> 1200.99 | V14: CARGADO | W14: =_xlfn.XLOOKUP(A14,#REF!,#REF!) -> #REF!
A15: 301335082 | B15: NI Six 9 Villarreal | C15: NE | D15: GZ - NUEVO LEON | E15: Directo | F15: Activo | G15: NO | H15: Natural | I15: NO | J15: 0 | K15: 0 | L15: Activo | M15: 0 | N15: =IF(O15<>"-","SI","NO") -> NO | O15: - | P15: =IF(Q15<>"-","SI","NO") -> SI | Q15: 6000101346 | R15: ALTA | S15: ALTA | T15: NO | U15: =_xlfn.XLOOKUP(A15,[3]Sheet2!$A:$A,[3]Sheet2!$B:$B,0) -> 88194.15 | V15: PENDIENTE | W15: =_xlfn.XLOOKUP(A15,#REF!,#REF!) -> #REF!
A16: 301413729 | B16: NL SIX 20 Serafin peña | C16: NE | D16: GZ - NUEVO LEON | E16: Directo | F16: Activo | G16: NO | H16: Natural | I16: NO | J16: 92744.06 | K16: 14663.24 | L16: Activo | M16: 0.8314 | N16: =IF(O16<>"-","SI","NO") -> NO | O16: - | P16: =IF(Q16<>"-","SI","NO") -> SI | Q16: 6000029416-6000108480 | R16: ALTA | S16: ALTA | T16: NO | U16: =_xlfn.XLOOKUP(A16,[3]Sheet2!$A:$A,[3]Sheet2!$B:$B,0) -> 8146.86 | V16: CARGADO | W16: =_xlfn.XLOOKUP(A16,#REF!,#REF!) -> #REF!
A17: 301339034 | B17: NL SIX 9 TULIPAN | C17: NE | D17: GZ - NUEVO LEON | E17: Directo | F17: Activo | G17: NO | H17: Natural | I17: NO | J17: 0 | K17: 0 | L17: Activo | M17: 0 | N17: =IF(O17<>"-","SI","NO") -> NO | O17: - | P17: =IF(Q17<>"-","SI","NO") -> SI | Q17: 6000097115-6000111368 | R17: ALTA | S17: ALTA | T17: NO | U17: =_xlfn.XLOOKUP(A17,[3]Sheet2!$A:$A,[3]Sheet2!$B:$B,0) -> 20060.3 | V17: CARGADO | W17: =_xlfn.XLOOKUP(A17,#REF!,#REF!) -> #REF!
A18: 301355832 | B18: NL SIX 9 FRAY | C18: NE | D18: GZ - NUEVO LEON | E18: Directo | F18: Activo | G18: NO | H18: Natural | I18: NO | J18: 0 | K18: 0 | L18: Activo | M18: 0 | N18: =IF(O18<>"-","SI","NO") -> NO | O18: - | P18: =IF(Q18<>"-","SI","NO") -> NO | Q18: - | R18: OK | S18: OK | T18: no | U18: =_xlfn.XLOOKUP(A18,[3]Sheet2!$A:$A,[3]Sheet2!$B:$B,0) -> 6575.99 | V18: CARGADO | W18: =_xlfn.XLOOKUP(A18,#REF!,#REF!) -> #REF!
A19: 301322278 | B19: NL Six 8 Libramiento | C19: NE | D19: GZ - NUEVO LEON | E19: Directo | F19: Activo | G19: NO | H19: Natural | I19: NO | J19: 3572.58 | K19: 0 | L19: =_xlfn.XLOOKUP(A19,[2]Sheet1!$D$1:$D$65536,[2]Sheet1!$Q$1:$Q$65536,"Vacante") -> Vacante | M19: 0 | N19: =IF(O19<>"-","SI","NO") -> NO | O19: - | P19: =IF(Q19<>"-","SI","NO") -> SI | Q19: 6000097039-6000109285 | R19: ALTA | S19: ALTA | T19: NO | U19: =_xlfn.XLOOKUP(A19,[3]Sheet2!$A:$A,[3]Sheet2!$B:$B,0) -> -5903.47 | V19: CARGADO | W19: =_xlfn.XLOOKUP(A19,#REF!,#REF!) -> #REF!
A20: 301272951 | B20: COA SIX 8 OAXACA | C20: NE | D20: GZ - COAHUILA | E20: Directo | F20: Activo | G20: NO | H20: Natural | I20: NO | J20: 1513.25 | K20: 0 | L20: =_xlfn.XLOOKUP(A20,[2]Sheet1!$D$1:$D$65536,[2]Sheet1!$Q$1:$Q$65536,"Vacante") -> Vacante | M20: 0 | N20: =IF(O20<>"-","SI","NO") -> NO | O20: - | P20: =IF(Q20<>"-","SI","NO") -> NO | Q20: - | R20: ALTA | S20: ALTA | T20: NO | U20: =_xlfn.XLOOKUP(A20,[3]Sheet2!$A:$A,[3]Sheet2!$B:$B,0) -> -14250.81 | V20: CARGADO | W20: =_xlfn.XLOOKUP(A20,#REF!,#REF!) -> #REF!
A21: 301329303 | B21: NI Six9 Mallorca | C21: NE | D21: GZ - NUEVO LEON | E21: Directo | F21: Activo | G21: NO | H21: Natural | I21: NO | J21: 3766.77 | K21: 0 | L21: =_xlfn.XLOOKUP(A21,[2]Sheet1!$D$1:$D$65536,[2]Sheet1!$Q$1:$Q$65536,"Vacante") -> Vacante | M21: 0 | N21: =IF(O21<>"-","SI","NO") -> NO | O21: - | P21: =IF(Q21<>"-","SI","NO") -> SI | Q21: 6000097354-6000111276 | R21: ALTA | S21: ALTA | T21: NO | U21: =_xlfn.XLOOKUP(A21,[3]Sheet2!$A:$A,[3]Sheet2!$B:$B,0) -> -50998.61 | V21: CARGADO | W21: =_xlfn.XLOOKUP(A21,#REF!,#REF!) -> #REF!
A22: 300844017 | B22: Tkt Six Roberto G Sada | C22: NE | D22: GZ - NUEVO LEON | E22: Directo | F22: Activo | G22: NO | H22: Natural | I22: NO | J22: 1828.67 | K22: 8953.31 | L22: =_xlfn.XLOOKUP(A22,[2]Sheet1!$D$1:$D$65536,[2]Sheet1!$Q$1:$Q$65536,"Vacante") -> Vacante | M22: 0 | N22: =IF(O22<>"-","SI","NO") -> NO | O22: - | P22: =IF(Q22<>"-","SI","NO") -> SI | Q22: 6000072451-6000109291 | R22: ALTA | S22: ALTA | T22: Sí | U22: =_xlfn.XLOOKUP(A22,[3]Sheet2!$A:$A,[3]Sheet2!$B:$B,0) -> -21899.54 | V22: CARGADO | W22: =_xlfn.XLOOKUP(A22,#REF!,#REF!) -> #REF!
A23: 300825384 | B23: Tam Six Dos Arroyos | C23: NE | D23: GZ - VERACRUZ NORTE | E23: Directo | F23: Activo | G23: NO | H23: Natural | I23: NO | J23: 625 | K23: 0 | L23: =_xlfn.XLOOKUP(A23,[2]Sheet1!$D$1:$D$65536,[2]Sheet1!$Q$1:$Q$65536,"Vacante") -> Vacante | M23: 0 | N23: =IF(O23<>"-","SI","NO") -> NO | O23: - | P23: =IF(Q23<>"-","SI","NO") -> SI | Q23: 6000073299-6000073745 | R23: ALTA | S23: ALTA | T23: Sí | U23: =_xlfn.XLOOKUP(A23,[3]Sheet2!$A:$A,[3]Sheet2!$B:$B,0) -> -15312.52 | V23: CARGADO | W23: =_xlfn.XLOOKUP(A23,#REF!,#REF!) -> #REF!
A24: 301465692 | B24: Nl Six 21 Rulo | C24: NE | D24: GZ - NUEVO LEON | E24: Directo | F24: Activo | G24: NO | H24: Natural | I24: NO | J24: 0 | K24: 47947.94 | L24: =_xlfn.XLOOKUP(A24,[2]Sheet1!$D$1:$D$65536,[2]Sheet1!$Q$1:$Q$65536,"Vacante") -> Vacante | M24: 0 | N24: =IF(O24<>"-","SI","NO") -> NO | O24: - | P24: =IF(Q24<>"-","SI","NO") -> SI | Q24: 6000105442-6000110220 | R24: ALTA | S24: ALTA | T24: NO | U24: =_xlfn.XLOOKUP(A24,[3]Sheet2!$A:$A,[3]Sheet2!$B:$B,0) -> 14777.35 | V24: CARGADO | W24: =_xlfn.XLOOKUP(A24,#REF!,#REF!) -> #REF!
A25: 300950777 | B25: NL Six Winchester | C25: NE | D25: GZ - NUEVO LEON | E25: Directo | F25: Activo | G25: NO | H25: Natural | I25: NO | J25: 2750.63 | K25: 0 | L25: =_xlfn.XLOOKUP(A25,[2]Sheet1!$D$1:$D$65536,[2]Sheet1!$Q$1:$Q$65536,"Vacante") -> Vacante | M25: 0 | N25: =IF(O25<>"-","SI","NO") -> NO | O25: - | P25: =IF(Q25<>"-","SI","NO") -> SI | Q25: 6000072613-6000111515 | R25: ALTA | S25: ALTA | T25: Sí | U25: =_xlfn.XLOOKUP(A25,[3]Sheet2!$A:$A,[3]Sheet2!$B:$B,0) -> 11057.13 | V25: CARGADO | W25: =_xlfn.XLOOKUP(A25,#REF!,#REF!) -> #REF!
A26: 300848899 | B26: Tkt Six Rancho | C26: NE | D26: GZ - NUEVO LEON | E26: Directo | F26: Activo | G26: NO | H26: Natural | I26: NO | J26: 3021.09 | K26: 7755.06 | L26: Activo | M26: 0 | N26: =IF(O26<>"-","SI","NO") -> NO | O26: - | P26: =IF(Q26<>"-","SI","NO") -> SI | Q26: 6000072503-6000108455 | R26: ALTA | S26: ALTA | T26: Sí | U26: =_xlfn.XLOOKUP(A26,[3]Sheet2!$A:$A,[3]Sheet2!$B:$B,0) -> -1951.32 | V26: CARGADO | W26: =_xlfn.XLOOKUP(A26,#REF!,#REF!) -> #REF!
A27: 300843639 | B27: Tkt Six Los Reales | C27: NE | D27: GZ - NUEVO LEON | E27: Directo | F27: Activo | G27: NO | H27: Natural | I27: NO | J27: 217960.89 | K27: 0 | L27: Activo | M27: 18.15645 | N27: =IF(O27<>"-","SI","NO") -> NO | O27: - | P27: =IF(Q27<>"-","SI","NO") -> SI | Q27: 6000072433-6000109268 | R27: ALTA | S27: ALTA | T27: Sí | U27: =_xlfn.XLOOKUP(A27,[3]Sheet2!$A:$A,[3]Sheet2!$B:$B,0) -> 4274.69 | V27: CARGADO | W27: =_xlfn.XLOOKUP(A27,#REF!,#REF!) -> #REF!
A28: 301326883 | B28: San Isidro | C28: NE | D28: GZ - NUEVO LEON | E28: Directo | F28: Activo | G28: NO | H28: Natural | I28: NO | J28: 13517.69 | K28: 0 | L28: =_xlfn.XLOOKUP(A28,[2]Sheet1!$D$1:$D$65536,[2]Sheet1!$Q$1:$Q$65536,"Vacante") -> Vacante | M28: 0 | N28: =IF(O28<>"-","SI","NO") -> NO | O28: - | P28: =IF(Q28<>"-","SI","NO") -> SI | Q28: 6000101276-6000110726 | R28: ALTA | S28: ALTA | T28: NO | U28: =_xlfn.XLOOKUP(A28,[3]Sheet2!$A:$A,[3]Sheet2!$B:$B,0) -> 2508.93 | V28: CARGADO | W28: =_xlfn.XLOOKUP(A28,#REF!,#REF!) -> #REF!
A29: 301020640 | B29: NL Six 4 Cofre | C29: NE | D29: GZ - NUEVO LEON | E29: Directo | F29: Activo | G29: NO | H29: Natural | I29: NO | J29: 4182.75 | K29: 5592.4 | L29: =_xlfn.XLOOKUP(A29,[2]Sheet1!$D$1:$D$65536,[2]Sheet1!$Q$1:$Q$65536,"Vacante") -> Vacante | M29: 0 | N29: =IF(O29<>"-","SI","NO") -> NO | O29: - | P29: =IF(Q29<>"-","SI","NO") -> SI | Q29: 6000072832-6000108698 | R29: ALTA | S29: ALTA | T29: Sí | U29: =_xlfn.XLOOKUP(A29,[3]Sheet2!$A:$A,[3]Sheet2!$B:$B,0) -> -51549.58 | V29: CARGADO | W29: =_xlfn.XLOOKUP(A29,#REF!,#REF!) -> #REF!
A30: 300769339 | B30: Dur Trebol | C30: NE | D30: GZ - DURANGO | E30: Directo | F30: Activo | G30: NO | H30: Natural | I30: NO | J30: 2272.43 | K30: 0 | L30: =_xlfn.XLOOKUP(A30,[2]Sheet1!$D$1:$D$65536,[2]Sheet1!$Q$1:$Q$65536,"Vacante") -> Vacante | M30: 0 | N30: =IF(O30<>"-","SI","NO") -> NO | O30: - | P30: =IF(Q30<>"-","SI","NO") -> NO | Q30: - | R30: ALTA | S30: ALTA | T30: Sí | U30: =_xlfn.XLOOKUP(A30,[3]Sheet2!$A:$A,[3]Sheet2!$B:$B,0) -> -433.53 | V30: CARGADO | W30: =_xlfn.XLOOKUP(A30,#REF!,#REF!) -> #REF!
A31: 301387726 | B31: Dur Six 20 Constelaciones | C31: NE | D31: GZ - DURANGO | E31: Directo | F31: Activo | G31: NO | H31: Natural | I31: NO | J31: 177403.97 | K31: 70.27 | L31: Activo | M31: 29.14834 | N31: =IF(O31<>"-","SI","NO") -> NO | O31: - | P31: =IF(Q31<>"-","SI","NO") -> SI | Q31: 6000032739 | R31: ALTA | S31: ALTA | T31: NO | U31: =_xlfn.XLOOKUP(A31,[3]Sheet2!$A:$A,[3]Sheet2!$B:$B,0) -> 12117.97 | V31: CARGADO | W31: =_xlfn.XLOOKUP(A31,#REF!,#REF!) -> #REF!
A32: 301950297 | B32: NL SIX 24 ZITA | C32: NE | D32: GZ - NUEVO LEON | E32: Directo | F32: Activo | G32: NO | H32: Natural | I32: NO | J32: 0 | K32: 288520.49 | L32: =_xlfn.XLOOKUP(A32,[2]Sheet1!$D$1:$D$65536,[2]Sheet1!$Q$1:$Q$65536,"Vacante") -> Vacante | M32: 0 | N32: =IF(O32<>"-","SI","NO") -> NO | O32: - | P32: =IF(Q32<>"-","SI","NO") -> SI | Q32: 6000112646-6000112671 | R32: ALTA | S32: ALTA | T32: NO | U32: =_xlfn.XLOOKUP(A32,[3]Sheet2!$A:$A,[3]Sheet2!$B:$B,0) -> -1.83 | V32: CARGADO | W32: =_xlfn.XLOOKUP(A32,#REF!,#REF!) -> #REF!
A33: 300842858 | B33: Tkt Six Bautista | C33: NE | D33: GZ - NUEVO LEON | E33: Directo | F33: Activo | G33: NO | H33: Natural | I33: NO | J33: 0 | K33: 0 | L33: =_xlfn.XLOOKUP(A33,[2]Sheet1!$D$1:$D$65536,[2]Sheet1!$Q$1:$Q$65536,"Vacante") -> Vacante | M33: 0 | N33: =IF(O33<>"-","SI","NO") -> NO | O33: - | P33: =IF(Q33<>"-","SI","NO") -> SI | Q33: 6000072419-6000108490 | R33: OK | S33: OK | T33: no | U33: =_xlfn.XLOOKUP(A33,[3]Sheet2!$A:$A,[3]Sheet2!$B:$B,0) -> 7286.88 | V33: CARGADO | W33: =_xlfn.XLOOKUP(A33,#REF!,#REF!) -> #REF!
A34: 300841858 | B34: Tkt Six Nispero | C34: NE | D34: GZ - NUEVO LEON | E34: Directo | F34: Activo | G34: NO | H34: Natural | I34: NO | J34: 0 | K34: 0 | L34: =_xlfn.XLOOKUP(A34,[2]Sheet1!$D$1:$D$65536,[2]Sheet1!$Q$1:$Q$65536,"Vacante") -> Vacante | M34: 0 | N34: =IF(O34<>"-","SI","NO") -> NO | O34: - | P34: =IF(Q34<>"-","SI","NO") -> SI | Q34: 6000072386-6000111441 | R34: ALTA | S34: ALTA | T34: Sí | U34: =_xlfn.XLOOKUP(A34,[3]Sheet2!$A:$A,[3]Sheet2!$B:$B,0) -> 44410.51 | V34: CARGADO | W34: =_xlfn.XLOOKUP(A34,#REF!,#REF!) -> #REF!
A35: 300824109 | B35: Tam Six Monterrey | C35: NE | D35: GZ - VERACRUZ NORTE | E35: Directo | F35: Activo | G35: NO | H35: Natural | I35: NO | J35: 992.58 | K35: 26172.79 | L35: =_xlfn.XLOOKUP(A35,[2]Sheet1!$D$1:$D$65536,[2]Sheet1!$Q$1:$Q$65536,"Vacante") -> Vacante | M35: 0 | N35: =IF(O35<>"-","SI","NO") -> NO | O35: - | P35: =IF(Q35<>"-","SI","NO") -> SI | Q35: 6000081213-6000102422 | R35: ALTA | S35: ALTA | T35: Sí | U35: =_xlfn.XLOOKUP(A35,[3]Sheet2!$A:$A,[3]Sheet2!$B:$B,0) -> -10459.52 | V35: CARGADO | W35: =_xlfn.XLOOKUP(A35,#REF!,#REF!) -> #REF!
A36: 301432975 | B36: Chi Six La Camarguense | C36: NW | D36: GZ - JUAREZ | E36: Directo | F36: Activo | G36: NO | H36: Natural | I36: NO | J36: 264 | K36: 0 | L36: =_xlfn.XLOOKUP(A36,[2]Sheet1!$D$1:$D$65536,[2]Sheet1!$Q$1:$Q$65536,"Vacante") -> Vacante | M36: 3.22942 | N36: =IF(O36<>"-","SI","NO") -> NO | O36: - | P36: =IF(Q36<>"-","SI","NO") -> NO | Q36: - | R36: OK | S36: OK | T36: no | U36: =_xlfn.XLOOKUP(A36,[3]Sheet2!$A:$A,[3]Sheet2!$B:$B,0) -> 19086.93 | V36: CARGADO | W36: =_xlfn.XLOOKUP(A36,#REF!,#REF!) -> #REF!
A37: 302064031 | B37: VDM SIX I MARKET YAKSE | C37: CE | D37: GZ - VDM PV | E37: Indirecto | F37: Activo | G37: NO | H37: Natural | I37: NO | J37: 24089.63 | K37: 46694.46 | L37: Activo | M37: 0.01204 | N37: =IF(O37<>"-","SI","NO") -> NO | O37: - | P37: =IF(Q37<>"-","SI","NO") -> NO | Q37: - | R37: OK | S37: OK | T37: no | U37: =_xlfn.XLOOKUP(A37,[3]Sheet2!$A:$A,[3]Sheet2!$B:$B,0) -> 1698.79 | V37: CARGADO | W37: =_xlfn.XLOOKUP(A37,#REF!,#REF!) -> #REF!
A38: 300222066 | B38: PUE Six Ecologico | C38: CE | D38: GZ - PUEBLA | E38: Directo | F38: Activo | G38: NO | H38: Natural | I38: SI | J38: 228 | K38: 0 | L38: =_xlfn.XLOOKUP(A38,[2]Sheet1!$D$1:$D$65536,[2]Sheet1!$Q$1:$Q$65536,"Vacante") -> Vacante | M38: 0 | N38: =IF(O38<>"-","SI","NO") -> NO | O38: - | P38: =IF(Q38<>"-","SI","NO") -> NO | Q38: - | R38: OK | S38: OK | T38: no | U38: =_xlfn.XLOOKUP(A38,[3]Sheet2!$A:$A,[3]Sheet2!$B:$B,0) -> -41333.34 | V38: CARGADO | W38: =_xlfn.XLOOKUP(A38,#REF!,#REF!) -> #REF!
A39: 301515140 | B39: VDM SIX I San Agustin | C39: CE | D39: GZ - VDM PV | E39: Indirecto | F39: Activo | G39: NO | H39: Natural | I39: NO | J39: 18438.86 | K39: 0 | L39: Activo | M39: 0.89767 | N39: =IF(O39<>"-","SI","NO") -> NO | O39: - | P39: =IF(Q39<>"-","SI","NO") -> NO | Q39: - | R39: OK | S39: OK | T39: no | U39: =_xlfn.XLOOKUP(A39,[3]Sheet2!$A:$A,[3]Sheet2!$B:$B,0) -> 5502.66 | V39: CARGADO | W39: =_xlfn.XLOOKUP(A39,#REF!,#REF!) -> #REF!
A40: 301583668 | B40: VDM SIX I SUPER LUPITA | C40: CE | D40: GZ - VDM PV | E40: Indirecto | F40: Activo | G40: NO | H40: Natural | I40: NO | J40: 0 | K40: 0 | L40: Activo | M40: 0 | N40: =IF(O40<>"-","SI","NO") -> NO | O40: - | P40: =IF(Q40<>"-","SI","NO") -> NO | Q40: - | R40: OK | S40: OK | T40: no | U40: =_xlfn.XLOOKUP(A40,[3]Sheet2!$A:$A,[3]Sheet2!$B:$B,0) -> 24.05 | V40: CARGADO | W40: =_xlfn.XLOOKUP(A40,#REF!,#REF!) -> #REF!
A41: 301434345 | B41: Bcs Six Santa Rosa | C41: NW | D41: GZ - BCS | E41: Directo | F41: Activo | G41: NO | H41: Natural | I41: SI | J41: 35 | K41: 0 | L41: =_xlfn.XLOOKUP(A41,[2]Sheet1!$D$1:$D$65536,[2]Sheet1!$Q$1:$Q$65536,"Vacante") -> Vacante | M41: 0.00357 | N41: =IF(O41<>"-","SI","NO") -> NO | O41: - | P41: =IF(Q41<>"-","SI","NO") -> NO | Q41: - | R41: ALTA | S41: ALTA | T41: Sí | U41: =_xlfn.XLOOKUP(A41,[3]Sheet2!$A:$A,[3]Sheet2!$B:$B,0) -> 0.22 | V41: CARGADO | W41: =_xlfn.XLOOKUP(A41,#REF!,#REF!) -> #REF!
A42: 300071189 | B42: Tkt Six Ave de Oro | C42: NW | D42: GZ - BC | E42: Directo | F42: Activo | G42: NO | H42: Natural | I42: NO | J42: 116971.44 | K42: 0 | L42: =_xlfn.XLOOKUP(A42,[2]Sheet1!$D$1:$D$65536,[2]Sheet1!$Q$1:$Q$65536,"Vacante") -> Vacante | M42: 0.08925 | N42: =IF(O42<>"-","SI","NO") -> NO | O42: - | P42: =IF(Q42<>"-","SI","NO") -> SI | Q42: 6000001901 | R42: ALTA | S42: ALTA | T42: Sí | U42: =_xlfn.XLOOKUP(A42,[3]Sheet2!$A:$A,[3]Sheet2!$B:$B,0) -> 38499.12 | V42: CARGADO | W42: =_xlfn.XLOOKUP(A42,#REF!,#REF!) -> #REF!
A43: 301401626 | B43: Bcs Six Minisuper Samm's | C43: NW | D43: GZ - BCS | E43: Directo | F43: Activo | G43: NO | H43: Natural | I43: NO | J43: 22662.53 | K43: 0 | L43: Activo | M43: 22.37201 | N43: =IF(O43<>"-","SI","NO") -> NO | O43: - | P43: =IF(Q43<>"-","SI","NO") -> SI | Q43: 6000103461 | R43: OK | S43: OK | T43: no | U43: =_xlfn.XLOOKUP(A43,[3]Sheet2!$A:$A,[3]Sheet2!$B:$B,0) -> -12797.69 | V43: CARGADO | W43: =_xlfn.XLOOKUP(A43,#REF!,#REF!) -> #REF!
A44: 301418353 | B44: Chi Six Ramirez | C44: NW | D44: GZ - CHIHUAHUA | E44: Directo | F44: Activo | G44: NO | H44: Natural | I44: NO | J44: 0 | K44: 0 | L44: =_xlfn.XLOOKUP(A44,[2]Sheet1!$D$1:$D$65536,[2]Sheet1!$Q$1:$Q$65536,"Vacante") -> Vacante | M44: 0 | N44: =IF(O44<>"-","SI","NO") -> NO | O44: - | P44: =IF(Q44<>"-","SI","NO") -> SI | Q44: 6000057400 | R44: ALTA | S44: ALTA | T44: Sí | U44: =_xlfn.XLOOKUP(A44,[3]Sheet2!$A:$A,[3]Sheet2!$B:$B,0) -> 39912.54 | V44: CARGADO | W44: =_xlfn.XLOOKUP(A44,#REF!,#REF!) -> #REF!
A45: 302088756 | B45: Chi Six Chihuas Express | C45: NW | D45: GZ - CHIHUAHUA | E45: Directo | F45: Activo | G45: NO | H45: Natural | I45: NO | J45: 129120.03 | K45: 176904.88 | L45: =_xlfn.XLOOKUP(A45,[2]Sheet1!$D$1:$D$65536,[2]Sheet1!$Q$1:$Q$65536,"Vacante") -> Vacante | M45: 2.71558 | N45: =IF(O45<>"-","SI","NO") -> SI | O45: 4700075253-4700075744 | P45: =IF(Q45<>"-","SI","NO") -> SI | Q45: 6000114196 | R45: ALTA | S45: ALTA | T45: Sí | U45: =_xlfn.XLOOKUP(A45,[3]Sheet2!$A:$A,[3]Sheet2!$B:$B,0) -> 4739.01 | V45: CARGADO | W45: =_xlfn.XLOOKUP(A45,#REF!,#REF!) -> #REF!
A46: 301535065 | B46: Chi Six Fuerza Aerea | C46: NW | D46: GZ - CHIHUAHUA | E46: Directo | F46: Activo | G46: NO | H46: Natural | I46: NO | J46: 204670.98 | K46: 127809.39 | L46: =_xlfn.XLOOKUP(A46,[2]Sheet1!$D$1:$D$65536,[2]Sheet1!$Q$1:$Q$65536,"Vacante") -> Vacante | M46: 0 | N46: =IF(O46<>"-","SI","NO") -> SI | O46: 4700064209 | P46: =IF(Q46<>"-","SI","NO") -> NO | Q46: - | R46: ALTA | S46: ALTA | T46: Sí | U46: =_xlfn.XLOOKUP(A46,[3]Sheet2!$A:$A,[3]Sheet2!$B:$B,0) -> 1257.86 | V46: CARGADO | W46: =_xlfn.XLOOKUP(A46,#REF!,#REF!) -> #REF!
A47: 302152762 | B47: CHI SIX DIAZ | C47: NW | D47: GZ - CHIHUAHUA | E47: Directo | F47: Activo | G47: NO | H47: Natural | I47: SI | J47: 0 | K47: 339041.76 | L47: =_xlfn.XLOOKUP(A47,[2]Sheet1!$D$1:$D$65536,[2]Sheet1!$Q$1:$Q$65536,"Vacante") -> Vacante | M47: 0 | N47: =IF(O47<>"-","SI","NO") -> SI | O47: 4700077732 | P47: =IF(Q47<>"-","SI","NO") -> NO | Q47: - | R47: ALTA | S47: ALTA | T47: Sí | U47: =_xlfn.XLOOKUP(A47,[3]Sheet2!$A:$A,[3]Sheet2!$B:$B,0) -> 0 | V47: PENDIENTE | W47: =_xlfn.XLOOKUP(A47,#REF!,#REF!) -> #REF!

Sheet Bajas Oficiales
A2: z
A3: CeCo | B3: Descripción | C3: Región SIX | D3: GZ SIX | E3: Desc JOS (Resp) (19) | F3: Desc ACS (Resp) (21) | G3: Madura (22) | H3: Tipo de Cierre | I3: Status | J3: Mes Baja | K3: Tipo Baja
A4: 300566218 | B4: Ags Six San Pancho | C4: OCCIDENTE | D4: Ags-Zac-SLP | E4: Vacante CPCP27 (SLP-AGS-ZAC) | F4: Edgar Garcia Corpus | G4: Madura | H4: Plan | I4: Desincorporado | J4: 45292 | K4: Baja Total
A5: 301154436 | B5: Tam Six 6 Constitucion | C5: NORESTE | D5: Tamps Sur/Ver Nte | E5: Vacante CPCP39 (TAMAULIPAS - VER NTE) | F5: Gabriela Estefani Amaya Escobar | G5: Madura | H5: Legal | I5: Desincorporado | J5: 45292 | K5: Baja Total
A6: 301290361 | B6: COA SIX 8 CRISTIAN | C6: NORESTE | D6: Coahuila | E6: Manuel Ruiz Soto (DUR) | F6: Rogelio Ruiz Garcia | G6: Madura | H6: Natural | I6: Desincorporado | J6: 45292 | K6: Baja Total
A7: 301404686 | B7: Dur Six 20 Cuencame | C7: NORESTE | D7: Durango | E7: Manuel Ruiz Soto (DUR) | F7: Miguel Amador Rodriguez | G7: Madura | H7: Region Plan | I7: Desincorporado | J7: 45292 | K7: Baja Total
A8: 301320771 | B8: TAM SIX 8 Jesi | C8: NORESTE | D8: Tamps Sur/Ver Nte | E8: Vacante CPCP39 (TAMAULIPAS - VER NTE) | F8: Gabriela Estefani Amaya Escobar | G8: Madura | H8: Natural | I8: Desincorporado | J8: 45292 | K8: Baja Total
A9: 301397292 | B9: PUE SIX VOLCANES | C9: CENTRO | D9: Puebla - Tlaxcala | E9: María G. Flores (PUE - TLX - HGO) | F9: Silva Celma Fernando | G9: Madura | H9: Natural | I9: Desincorporado | J9: 45292 | K9: Baja Total
A10: 301502702 | B10: Vdm Six I La 0510 | C10: CENTRO | D10: Valle de Mex | E10: Arturo Nava (VDM SIX I) | F10: Olivares De Aquino Diana Monserrat | G10: No Madura (Exp 22) | H10: Natural | I10: Desincorporado | J10: 45292 | K10: Baja Total
A11: 301590789 | B11: VDM SIX I EL LLAVERO | C11: CENTRO | D11: Valle de Mex | E11: Arturo Nava (VDM SIX I) | F11: Olivares De Aquino Diana Monserrat | G11: No Madura (Exp 23) | H11: Natural | I11: Desincorporado | J11: 45292 | K11: Baja Total
A12: 301632756 | B12: Vdm Six I Ariadna | C12: CENTRO | D12: Valle de Mex | E12: Arturo Nava (VDM SIX I) | F12: Ortiz Mota Georgina Eloisa | G12: No Madura (Exp 23) | H12: Natural | I12: Desincorporado | J12: 45292 | K12: Baja Total
A13: 300392224 | B13: CVF Lazaro Cardenas | C13: CENTRO | D13: Estado de México | E13: Gustavo Serrano (EDOMEX - MOR) | F13: Bernal Nava Maria de Jesus | G13: Madura | H13: Natural | I13: Desincorporado | J13: 45292 | K13: Baja Total
A14: 300064957 | B14: Tkt Six TS AB | C14: NOROESTE | D14: Baja California Nte | E14: Edna Méndez (BCN 2) | F14: Jorge Ernesto Sandoval Lizarraga | G14: Madura | H14: Natural | I14: Desincorporado | J14: 45292 | K14: Baja Total
A15: 301476984 | B15: Chi Six Miguel | C15: NOROESTE | D15: Juárez | E15: Gerardo Borunda (JUAREZ) | F15: Hiram Valentin Nuñez Esquer | G15: Pre-operativo | H15: Natural | I15: Desincorporado | J15: 45292 | K15: Baja Total
... A216: 301346617 | B216: MOR SIX 3 Marias Azteca | C216: CENTRO | D216: Guerrero - Morelos | E216: Gustavo Serrano (EDOMEX - MOR) | F216: Palacios Zendeja Jesus | G216: Madura | H216: Plan | I216: Desincorporado | J216: 45474 | K216: Baja Total
A217: 300098317 | B217: Super Six la Trucha | C217: NOROESTE | D217: Chihuahua | E217: Felipe Lechuga (CHIH NTE) | F217: 0 | G217: Madura | H217: Natural | I217: Desincorporado | J217: 45474 | K217: Baja Total
A218: 300250995 | B218: VER SIX Agencia Tuxpan | C218: NORESTE | D218: Tamps Sur/Ver Nte | E218: Javier Huerta (TAMAULIPAS - VER NTE) | F218: Bianca Denisse Sosa Rodriguez | G218: Madura | H218: Legal | I218: Desincorporado | J218: 45474 | K218: Baja Total
A219: 301558928 | B219: NL SIX 23 OPERACIONES | C219: NORESTE | D219: Nuevo León | E219: Edith Hernandez (NL Ote) | F219: Jhonatan Garduño | G219: No Madura (Exp 23) | H219: Legal | I219: Desincorporado | J219: 45474 | K219: Baja Total
A220: 300925288 | B220: Sin Six Super Mini Super | C220: NOROESTE | D220: Sinaloa | E220: Sergio Luis Inzunza Rosas (SINALOA NTE 3) | F220: Daniel Lopez Espinoza | G220: Madura | H220: Natural | I220: Desincorporado | J220: 45474 | K220: Baja Total
A221: 301521563 | B221: Sin Six MS La Palmita De Mojolo | C221: NOROESTE | D221: Sinaloa | E221: Jorge Manzanarez (SINALOA CTO FORANEO) | F221: Martin Alonso Garcia Jimenez | G221: Madura | H221: Natural | I221: Desincorporado | J221: 45474 | K221: Baja Total
A222: 300221921 | B222: PUE Six Camino a Tlaltepango | C222: CENTRO | D222: Puebla - Tlaxcala | E222: María G. Flores (PUE - TLX - HGO) | F222: Silva Celma Fernando | G222: Madura | H222: Natural | I222: Desincorporado | J222: 45474 | K222: Baja Total
A223: 301044759 | B223: NL Six 4 Emiliano | C223: NORESTE | D223: Nuevo León | E223: Edith Hernandez (NL Ote) | F223: Roberto Carlos Cantú Gallardo | G223: Madura | H223: Plan | I223: Desincorporado | J223: 45474 | K223: Baja Total
A224: 301352390 | B224: NL Six 9 Coors | C224: NORESTE | D224: Nuevo León | E224: Edith Hernandez (NL Ote) | F224: Sergio Galarza Hernandez | G224: Madura | H224: Plan | I224: Desincorporado | J224: 45474 | K224: Baja Total
A225: 301301243 | B225: Tam Six 8 Huertas | C225: NORESTE | D225: Tamps Sur/Ver Nte | E225: Javier Huerta (TAMAULIPAS - VER NTE) | F225: Juan de Dios Estrada Martinez | G225: Madura | H225: Legal | I225: Desincorporado | J225: 45474 | K225: Baja Total
A226: 301391241 | B226: Jal Six I Ab Boris | C226: OCCIDENTE | D226: Jal - Col - Nay | E226: Miguel Antonio Luna Meza (JAL IND) | F226: Victor Garcia Abundis | G226: Madura | H226: Natural | I226: Desincorporado | J226: 45474 | K226: Baja Total
A227: 301354658 | B227: JAL SIX LOS CHUPERAMIGOS | C227: OCCIDENTE | D227: Jal - Col - Nay | E227: Miguel Antonio Luna Meza (JAL IND) | F227: Misael Diaz Nuño | G227: Madura | H227: Natural | I227: Desincorporado | J227: 45474 | K227: Baja Total
A228: 301442803 | B228: VDM SIX I SUPER YA LA CAVITA | C228: CENTRO | D228: Valle de Mex | E228: Arturo Nava (VDM SIX I) | F228: Quiroz Ruiz Joafh Alberto | G228: Madura | H228: Natural | I228: Desincorporado | J228: 45474 | K228: Baja Total
A229: 301482111 | B229: VDM Six El Pecado | C229: CENTRO | D229: Valle de Mex | E229: Arturo Nava (VDM SIX I) | F229: Sanchez Flores Christopher | G229: Madura | H229: Natural | I229: Desincorporado | J229: 45474 | K229: Baja Total
... A800: 301744773 | B800: Vdm Six I Los Gonzalez | C800: CENTRO | D800: Valle de Mex | E800: Arturo Nava (VDM SIX I) | F800: Leal Garcia Maria del Carmen | G800: No Madura (Exp 23) | H800: Natural | I800: Desincorporado | J800: 45658 | K800: Baja Total
A801: 300948721 | B801: Jal Six Pelee | C801: OCCIDENTE | D801: Jal - Col - Nay | E801: Nancy Velez (JAL - COL - NAY) | F801: Jose Alberto Rodriguez Arias | G801: Madura | H801: =_xlfn.XLOOKUP(A801,Base!A:A,Base!H:H,"Plan") -> Plan | I801: Desincorporado | J801: 45689 | K801: Baja Total
A802: 301563715 | B802: JAL SIX TEPA ALAMEDA | C802: OCCIDENTE | D802: Jal - Col - Nay | E802: Nancy Velez (JAL - COL - NAY) | F802: Miguel Hernando Plancarte Lara | G802: Madura | H802: =_xlfn.XLOOKUP(A802,Base!A:A,Base!H:H,"Plan") -> Plan | I802: Desincorporado | J802: 45689 | K802: Baja Total
A803: 300124039 | B803: Tkt Six Avenida Mexico | C803: OCCIDENTE | D803: Jal - Col - Nay | E803: Nancy Velez (JAL - COL - NAY) | F803: Kevin Yovani Parra Gonzalez | G803: Madura | H803: =_xlfn.XLOOKUP(A803,Base!A:A,Base!H:H,"Plan") -> Plan | I803: Desincorporado | J803: 45689 | K803: Baja Total
A804: 301485828 | B804: Jal Six Ixtapa | C804: OCCIDENTE | D804: Jal - Col - Nay | E804: Nancy Velez (JAL - COL - NAY) | F804: Jose armando Vargas H. | G804: Madura | H804: =_xlfn.XLOOKUP(A804,Base!A:A,Base!H:H,"Plan") -> Plan | I804: Desincorporado | J804: 45689 | K804: Baja Total
A805: 300619899 | B805: Jal Six Monte Largo | C805: OCCIDENTE | D805: Jal - Col - Nay | E805: Nancy Velez (JAL - COL - NAY) | F805: Jose Daniel Trigo Olalde | G805: Madura | H805: =_xlfn.XLOOKUP(A805,Base!A:A,Base!H:H,"Plan") -> Plan | I805: Desincorporado | J805: 45689 | K805: Baja Total
A806: 300795195 | B806: SLP SIX el Rosedal | C806: OCCIDENTE | D806: Ags-Zac-SLP | E806: Maria Eugenia Salazar Leos (SLP-AGS-ZAC) | F806: Francisco Javier Romero Espinosa | G806: Madura | H806: =_xlfn.XLOOKUP(A806,Base!A:A,Base!H:H,"Plan") -> Plan | I806: Desincorporado | J806: 45689 | K806: Baja Total
A807: 300420011 | B807: Tecate Six la Caminera | C807: OCCIDENTE | D807: Jal - Col - Nay | E807: Nancy Velez (JAL - COL - NAY) | F807: Kevin Yovani Parra Gonzalez | G807: Madura | H807: =_xlfn.XLOOKUP(A807,Base!A:A,Base!H:H,"Plan") -> Plan | I807: Desincorporado | J807: 45689 | K807: Baja Total
A808: 301482403 | B808: Jal Six Tepa | C808: OCCIDENTE | D808: Jal - Col - Nay | E808: Nancy Velez (JAL - COL - NAY) | F808: Miguel Hernando Plancarte Lara | G808: Madura | H808: =_xlfn.XLOOKUP(A808,Base!A:A,Base!H:H,"Plan") -> Plan | I808: Desincorporado | J808: 45689 | K808: Baja Total
A809: 300097818 | B809: Tkt Six Salida al Filo | C809: OCCIDENTE | D809: Jal - Col - Nay | E809: Nancy Velez (JAL - COL - NAY) | F809: Ana Laura Villalobos Gutierrez | G809: Madura | H809: =_xlfn.XLOOKUP(A809,Base!A:A,Base!H:H,"Plan") -> Plan | I809: Desincorporado | J809: 45689 | K809: Baja Total
A810: 300804901 | B810: SLP SIX Del Valle | C810: OCCIDENTE | D810: Ags-Zac-SLP | E810: Maria Eugenia Salazar Leos (SLP-AGS-ZAC) | F810: Francisco Javier Romero Espinosa | G810: Madura | H810: =_xlfn.XLOOKUP(A810,Base!A:A,Base!H:H,"Plan") -> Plan | I810: Desincorporado | J810: 45689 | K810: Baja Total
A811: 300799839 | B811: SLP SIX San Lorenzo | C811: OCCIDENTE | D811: Ags-Zac-SLP | E811: Maria Eugenia Salazar Leos (SLP-AGS-ZAC) | F811: Francisco Javier Romero Espinosa | G811: Madura | H811: =_xlfn.XLOOKUP(A811,Base!A:A,Base!H:H,"Plan") -> Plan | I811: Desincorporado | J811: 45689 | K811: Baja Total
A812: 300651329 | B812: Mic Six Del Parque | C812: OCCIDENTE | D812: Michoacán | E812: Rebeca Isela Lozano Obregón (MICH - GTO - QRO) | F812: Mauricio Jair Cortés Morales | G812: Madura | H812: =_xlfn.XLOOKUP(A812,Base!A:A,Base!H:H,"Plan") -> Plan | I812: Desincorporado | J812: 45689 | K812: Baja Total
... A979: 301466026 | B979: Chi Six Carrizal | C979: NOROESTE | D979: Chihuahua | E979: Victor Guerra Estrada (CHIH SUR) | F979: Luisa Gabriela Perera Torres | G979: Madura | H979: =_xlfn.XLOOKUP(A979,Base!A:A,Base!H:H,"Plan") -> Plan | I979: Desincorporado | J979: 45689 | K979: Baja Total
A980: 300572480 | B980: Ags Six Mariano Escobedo | C980: OCCIDENTE | D980: Ags-Zac-SLP | E980: Maria Eugenia Salazar Leos (SLP-AGS-ZAC) | F980: Vacante CPC289 | G980: Madura | H980: Plan | I980: Desincorporado | J980: 45717 | K980: Baja Total
A981: 301296952 | B981: Cdmx Six Acuitlapilco | C981: CENTRO | D981: Valle de Mex | E981: Oscar S. Lagunes (VDM) | F981: Alberto Velasco Flores | G981: Madura | H981: Plan | I981: Desincorporado | J981: 45717 | K981: Baja Total
A982: 300477933 | B982: Oasis Nextengo | C982: CENTRO | D982: Valle de Mex | E982: Oscar S. Lagunes (VDM) | F982: Somera Jimenez Ana Karen | G982: Madura | H982: Plan | I982: Desincorporado | J982: 45717 | K982: Baja Total
A983: 301397658 | B983: CdMx Barrio San Pedro | C983: CENTRO | D983: Valle de Mex | E983: Oscar S. Lagunes (VDM) | F983: Alberto Velasco Flores | G983: Madura | H983: Plan | I983: Desincorporado | J983: 45717 | K983: Baja Total
A984: 300480974 | B984: Oasis Gigantes | C984: CENTRO | D984: Valle de Mex | E984: Oscar S. Lagunes (VDM) | F984: Oropeza Ayala Olga Maricela | G984: Madura | H984: Plan | I984: Desincorporado | J984: 45717 | K984: Baja Total
A985: 301306765 | B985: BCN Six Abarrotes Vega | C985: NOROESTE | D985: Baja California Nte | E985: Ariana Maleni Serafin Acedo (BCN 2) | F985: Lenin Obet Enriquez Sanchez | G985: Madura | H985: Plan | I985: Desincorporado | J985: 45717 | K985: Baja Total
A986: 300097259 | B986: Deposito Six la Despensa | C986: NOROESTE | D986: Sinaloa | E986: Edgar Lugo Verdugo (SINALOA NTE 1) | F986: Enrique de Jesus De la Cruz Morales | G986: Madura | H986: Plan | I986: Desincorporado | J986: 45717 | K986: Baja Total
A987: 301461555 | B987: Chi Six Juan Gabriel | C987: NOROESTE | D987: Juárez | E987: Gerardo Borunda (JUAREZ) | F987: Luis Enrique Ortiz | G987: Madura | H987: Plan | I987: Desincorporado | J987: 45717 | K987: Baja Total
A988: 300068364 | B988: Tkt Six Libertad | C988: NOROESTE | D988: Baja California Nte | E988: Ariana Maleni Serafin Acedo (BCN 2) | F988: Lenin Obet Enriquez Sanchez | G988: Madura | H988: Plan | I988: Desincorporado | J988: 45717 | K988: Baja Total
A989: 300097649 | B989: Deposito Geminis | C989: NOROESTE | D989: Sinaloa | E989: Edgar Lugo Verdugo (SINALOA NTE 1) | F989: Marco Antonio Ayala Estrada | G989: Madura | H989: Plan | I989: Desincorporado | J989: 45717 | K989: Baja Total
A990: 300097974 | B990: Deposito el Camionero | C990: NOROESTE | D990: Sinaloa | E990: Dominicq Andujo (SINALOA SUR) | F990: Osiris Alonso Lizarraga Rivas | G990: Madura | H990: Plan | I990: Desincorporado | J990: 45717 | K990: Baja Total
A991: 301440642 | B991: SIN SIX MS MARA | C991: NOROESTE | D991: Sinaloa | E991: Dominicq Andujo (SINALOA SUR) | F991: Julianna Paulina Aldas Torres | G991: Madura | H991: Plan | I991: Desincorporado | J991: 45717 | K991: Baja Total
... A2167: 301419162 | B2167: Chi Six La Tapatia | C2167: NOROESTE | D2167: Juárez | E2167: Borunda Gerardo | F2167: Navarrete Navarrete Hector David | G2167: Madura | H2167: Natural | I2167: Desincorporado | J2167: 46204 | K2167: Baja Total
A2168: 301292065 | B2168: NL Six 8 Juárez | C2168: 0 | D2168: 0 | E2168: 0 | F2168: 0 | G2168: 0 | H2168: Natural | I2168: Desincorporado | J2168: 46204 | K2168: Baja Total
A2169: 301202554 | B2169: Sin Six la Chela | C2169: NOROESTE | D2169: Sinaloa | E2169: Manzanarez Jorge | F2169: Roman Zavala Julio Cesar | G2169: Madura | H2169: Natural | I2169: Desincorporado | J2169: 46204 | K2169: Baja Total
A2170: 300091920 | B2170: Deposito El Don | C2170: NOROESTE | D2170: Sonora | E2170: Gutierrez Ivan Antonio | F2170: Hernandez Murrieta Mercedes | G2170: Madura | H2170: Plan | I2170: Desincorporado | J2170: 46204 | K2170: Baja Total
A2171: 300741510 | B2171: Hieleria Veracruz Garmendia | C2171: NOROESTE | D2171: Sonora | E2171: Gutierrez Ivan Antonio | F2171: Flores Acedo Victor Manuel | G2171: Madura | H2171: Plan | I2171: Desincorporado | J2171: 46204 | K2171: Baja Total
A2172: 301373744 | B2172: Son Six Conquistador | C2172: NOROESTE | D2172: Sonora | E2172: Gutierrez Ivan Antonio | F2172: Vega Leyva Victor Emmanuel | G2172: Madura | H2172: Plan | I2172: Desincorporado | J2172: 46204 | K2172: Baja Total
A2173: 300097408 | B2173: Six la Primavera | C2173: NOROESTE | D2173: Sinaloa | E2173: Lugo Verdugo Edgar | F2173: Garcia Vega Josue Ramon | G2173: Madura | H2173: Plan | I2173: Desincorporado | J2173: 46204 | K2173: Baja Total
A2174: 301319207 | B2174: PUE SIX Zinacatepec | C2174: CENTRO | D2174: Puebla - Tlaxcala | E2174: Carmona Fernández Gabriela | F2174: Lopez Aquino Uriel Ulises | G2174: Madura | H2174: Plan | I2174: Desincorporado | J2174: 46204 | K2174: Baja Total
A2175: 301030760 | B2175: Coa Six 4 HG Nogal | C2175: NORESTE | D2175: Coahuila | E2175: Ana Carla Sainz Perez | F2175: Mariana Yamilet Gutierrez Valle | G2175: Madura | H2175: Plan | I2175: Desincorporado | J2175: 46204 | K2175: Baja Parcial
A2176: 301439876 | B2176: NL Six 21 Vista Blanca | C2176: NORESTE | D2176: Nuevo León | E2176: Javier Huerta | F2176: Jair Torres | G2176: Madura | H2176: Plan | I2176: Desincorporado | J2176: 46204 | K2176: Baja Parcial
A2177: 301376700 | B2177: NL SIX 20 Las Trancas | C2177: NORESTE | D2177: Nuevo León | E2177: Javier Huerta | F2177: Roxana Teresa Martinez | G2177: Madura | H2177: Plan | I2177: Desincorporado | J2177: 46204 | K2177: Baja Parcial
A2178: 300091976 | B2178: Six el Potrero | C2178: NOROESTE | D2178: Sonora | E2178: Gutierrez Ivan Antonio | F2178: Higuera Verduzco Mario | G2178: Madura | H2178: Plan | I2178: Desincorporado | J2178: 46204 | K2178: Baja Parcial
A2179: 301062115 | B2179: Sin Six Yañez | C2179: NOROESTE | D2179: Sinaloa | E2179: Lugo Verdugo Edgar | F2179: Lechuga Vargas Erika Guadalupe | G2179: Madura | H2179: Plan | I2179: Desincorporado | J2179: 46204 | K2179: Baja Parcial
A2180: 301445785 | B2180: Sin Six Super Los Rieles | C2180: NOROESTE | D2180: Sinaloa | E2180: Lugo Verdugo Edgar | F2180: Lechuga Vargas Erika Guadalupe | G2180: Madura | H2180: Plan | I2180: Desincorporado | J2180: 46204 | K2180: Baja Parcial
... A2202: 301426833 | B2202: VDM Six I Cecilia | C2202: CENTRO | D2202: Valle de Mex | E2202: Ramirez Rodriguez Fabian | F2202: Vacante | G2202: Madura | H2202: Natural | I2202: Desincorporado | J2202: 46204 | K2202: Baja Total
A2203: 301502910 | B2203: VDM SIX I CHARLY | C2203: =_xlfn.XLOOKUP(A2203,[1]Info!$B:$B,[1]Info!$T:$T,0) -> CENTRO | D2203: =_xlfn.XLOOKUP(A2203,[1]Info!$B:$B,[1]Info!$U:$U,0) -> Valle de Mex | E2203: =_xlfn.XLOOKUP(A2203,[1]Info!$B:$B,[1]Info!$X:$X,0) -> Ramirez Rodriguez Fabian | F2203: =_xlfn.XLOOKUP(A2203,[1]Info!$B:$B,[1]Info!$Z:$Z,0) -> Pacheco Bautista Cristian Ernesto | G2203: Madura | H2203: Natural | I2203: Desincorporado | J2203: 46204 | K2203: Baja Total
A2204: 301567475 | B2204: VDM SIX I LOS BUENOS MUCHACHOS | C2204: =_xlfn.XLOOKUP(A2204,[1]Info!$B:$B,[1]Info!$T:$T,0) -> CENTRO | D2204: =_xlfn.XLOOKUP(A2204,[1]Info!$B:$B,[1]Info!$U:$U,0) -> Valle de Mex | E2204: =_xlfn.XLOOKUP(A2204,[1]Info!$B:$B,[1]Info!$X:$X,0) -> Ramirez Rodriguez Fabian | F2204: =_xlfn.XLOOKUP(A2204,[1]Info!$B:$B,[1]Info!$Z:$Z,0) -> Vacante | G2204: Madura | H2204: Natural | I2204: Desincorporado | J2204: 46204 | K2204: Baja Total
A2205: 301407523 | B2205: Vdm Six I Jardin | C2205: =_xlfn.XLOOKUP(A2205,[1]Info!$B:$B,[1]Info!$T:$T,0) -> CENTRO | D2205: =_xlfn.XLOOKUP(A2205,[1]Info!$B:$B,[1]Info!$U:$U,0) -> Valle de Mex | E2205: =_xlfn.XLOOKUP(A2205,[1]Info!$B:$B,[1]Info!$X:$X,0) -> Ramirez Rodriguez Fabian | F2205: =_xlfn.XLOOKUP(A2205,[1]Info!$B:$B,[1]Info!$Z:$Z,0) -> Romero Villegas Guadalupe Alejandra | G2205: Madura | H2205: Natural | I2205: Desincorporado | J2205: 46204 | K2205: Baja Total
A2206: 301583294 | B2206: VDM SIX I LA NUEVA ESTRELLA | C2206: =_xlfn.XLOOKUP(A2206,[1]Info!$B:$B,[1]Info!$T:$T,0) -> CENTRO | D2206: =_xlfn.XLOOKUP(A2206,[1]Info!$B:$B,[1]Info!$U:$U,0) -> Valle de Mex | E2206: =_xlfn.XLOOKUP(A2206,[1]Info!$B:$B,[1]Info!$X:$X,0) -> Ramirez Rodriguez Fabian | F2206: =_xlfn.XLOOKUP(A2206,[1]Info!$B:$B,[1]Info!$Z:$Z,0) -> Romero Villegas Guadalupe Alejandra | G2206: Madura | H2206: Natural | I2206: Desincorporado | J2206: 46204 | K2206: Baja Total
A2207: 301950811 | B2207: JAL SIX I ABARROTES URBANO LAS TERR | C2207: =_xlfn.XLOOKUP(A2207,[1]Info!$B:$B,[1]Info!$T:$T,0) -> OCCIDENTE | D2207: =_xlfn.XLOOKUP(A2207,[1]Info!$B:$B,[1]Info!$U:$U,0) -> Jal - Col - Nay | E2207: =_xlfn.XLOOKUP(A2207,[1]Info!$B:$B,[1]Info!$X:$X,0) -> Luis Rostro | F2207: =_xlfn.XLOOKUP(A2207,[1]Info!$B:$B,[1]Info!$Z:$Z,0) -> Chavez Jimenez Cristaly Aidole | G2207: Madura | H2207: Natural | I2207: Desincorporado | J2207: 46204 | K2207: Baja Total
A2208: 301419877 | B2208: Jal Six I V Y L Las Chicas | C2208: =_xlfn.XLOOKUP(A2208,[1]Info!$B:$B,[1]Info!$T:$T,0) -> OCCIDENTE | D2208: =_xlfn.XLOOKUP(A2208,[1]Info!$B:$B,[1]Info!$U:$U,0) -> Jal - Col - Nay | E2208: =_xlfn.XLOOKUP(A2208,[1]Info!$B:$B,[1]Info!$X:$X,0) -> Luis Rostro | F2208: =_xlfn.XLOOKUP(A2208,[1]Info!$B:$B,[1]Info!$Z:$Z,0) -> Vacante | G2208: Madura | H2208: Natural | I2208: Desincorporado | J2208: 46204 | K2208: Baja Total
A2209: 301431969 | B2209: JAL SIX I ABA Rodriguez 1 | C2209: =_xlfn.XLOOKUP(A2209,[1]Info!$B:$B,[1]Info!$T:$T,0) -> OCCIDENTE | D2209: =_xlfn.XLOOKUP(A2209,[1]Info!$B:$B,[1]Info!$U:$U,0) -> Jal - Col - Nay | E2209: =_xlfn.XLOOKUP(A2209,[1]Info!$B:$B,[1]Info!$X:$X,0) -> Luis Rostro | F2209: =_xlfn.XLOOKUP(A2209,[1]Info!$B:$B,[1]Info!$Z:$Z,0) -> Arellano Vazquez Karen Cristina | G2209: Madura | H2209: Natural | I2209: Desincorporado | J2209: 46204 | K2209: Baja Total
G1046400: Madura

Sheet Resumen 2023
B2: Closures SIX 2023 | J2: Rango "Base" columna H y columna C
B4: Region | C4: Annual Plan | D4: Real | E4: ∆ | F4: % AP | J4: In Process | K4: ∆ vs AP
B5: NW | C5: =COUNTIF(Plan!$F$3:$F$147,'Resumen 2023'!B5) -> 43 | D5: =+D14 -> 0 | E5: =+C5-D5 -> 43 | F5: =+D5/C5 -> 0 | J5: =COUNTIFS(Base!H:H,"Plan",Base!C:C,'Resumen 2023'!$B5) -> 0 | K5: =+C5-J5-D5 -> 43
B6: NE | C6: =COUNTIF(Plan!$F$3:$F$147,'Resumen 2023'!B6) -> 40 | D6: =+D15 -> 0 | E6: =+C6-D6 -> 40 | F6: =+D6/C6 -> 0 | J6: =COUNTIFS(Base!H:H,"Plan",Base!C:C,'Resumen 2023'!$B6) -> 0 | K6: =+C6-J6-D6 -> 40
B7: WE | C7: =COUNTIF(Plan!$F$3:$F$147,'Resumen 2023'!B7) -> 13 | D7: =+D16 -> 0 | E7: =+C7-D7 -> 13 | F7: =+D7/C7 -> 0 | J7: =COUNTIFS(Base!H:H,"Plan",Base!C:C,'Resumen 2023'!$B7) -> 0 | K7: =+C7-J7-D7 -> 13
B8: CE | C8: =COUNTIF(Plan!$F$3:$F$147,'Resumen 2023'!B8) -> 10 | D8: =+D17 -> 0 | E8: =+C8-D8 -> 10 | F8: =+D8/C8 -> 0 | J8: =COUNTIFS(Base!H:H,"Plan",Base!C:C,'Resumen 2023'!$B8) -> 0 | K8: =+C8-J8-D8 -> 10
B9: SE | C9: =COUNTIF(Plan!$F$3:$F$147,'Resumen 2023'!B9) -> 35 | D9: =+D18 -> 0 | E9: =+C9-D9 -> 35 | F9: =+D9/C9 -> 0 | J9: =COUNTIFS(Base!H:H,"Plan",Base!C:C,'Resumen 2023'!$B9) -> 0 | K9: =+C9-J9-D9 -> 35
B10: SIX | C10: =SUM(C5:C9) -> 141 | D10: =SUM(D5:D9) -> 0 | E10: =SUM(E5:E9) -> 141 | F10: =+D10/C10 -> 0 | J10: =SUM(J5:J9) -> 0 | K10: =+C10-J10-D10 -> 141
B12: Region | C12: Closed | D12: Reason of Closures | J12: Other reason of Closures above AP in process
D13: Plan | E13: Region Plan | F13: Natural | G13: Legal | H13: Insecurity | J13: Natural | K13: Region Plan | L13: Insecurity | M13: Legal | N13: Total
B14: NW | C14: =COUNTIF('Bajas Oficiales'!$C$4:$C$1135,'Resumen 2023'!B14) -> 0 | D14: =COUNTIFS('Bajas Oficiales'!$H$4:$H$1135,'Resumen 2023'!$D$13,'Bajas Oficiales'!$C$4:$C$1135,'Resumen 2023'!$B14) -> 0 | E14: =COUNTIFS('Bajas Oficiales'!$H$4:$H$1135,'Resumen 2023'!$E$13,'Bajas Oficiales'!$C$4:$C$1135,'Resumen 2023'!$B14) -> 0 | F14: =COUNTIFS('Bajas Oficiales'!$H$4:$H$1135,'Resumen 2023'!$F$13,'Bajas Oficiales'!$C$4:$C$1135,'Resumen 2023'!$B14) -> 0 | G14: =COUNTIFS('Bajas Oficiales'!$H$4:$H$1135,'Resumen 2023'!$G$13,'Bajas Oficiales'!$C$4:$C$1135,'Resumen 2023'!$B14) -> 0 | H14: =COUNTIFS('Bajas Oficiales'!$H$4:$H$1135,'Resumen 2023'!$H$13,'Bajas Oficiales'!$C$4:$C$1135,'Resumen 2023'!$B14) -> 0 | J14: =COUNTIFS(Base!H:H,'Resumen 2023'!J$13,Base!C:C,'Resumen 2023'!$B5) -> 13 | K14: =COUNTIFS(Base!#REF!,'Resumen 2023'!K$13,Base!D:D,'Resumen 2023'!$B5) -> #REF! | L14: =COUNTIFS(Base!#REF!,'Resumen 2023'!L$13,Base!E:E,'Resumen 2023'!$B5) -> #REF! | M14: =COUNTIFS(Base!#REF!,'Resumen 2023'!M$13,Base!F:F,'Resumen 2023'!$B5) -> #REF! | N14: =SUM(J14:M14) -> #REF!
B15: NE | C15: =COUNTIF('Bajas Oficiales'!$C$4:$C$1135,'Resumen 2023'!B15) -> 0 | D15: =COUNTIFS('Bajas Oficiales'!$H$4:$H$1135,'Resumen 2023'!$D$13,'Bajas Oficiales'!$C$4:$C$1135,'Resumen 2023'!$B15) -> 0 | E15: =COUNTIFS('Bajas Oficiales'!$H$4:$H$1135,'Resumen 2023'!$E$13,'Bajas Oficiales'!$C$4:$C$1135,'Resumen 2023'!$B15) -> 0 | F15: =COUNTIFS('Bajas Oficiales'!$H$4:$H$1135,'Resumen 2023'!$F$13,'Bajas Oficiales'!$C$4:$C$1135,'Resumen 2023'!$B15) -> 0 | G15: =COUNTIFS('Bajas Oficiales'!$H$4:$H$1135,'Resumen 2023'!$G$13,'Bajas Oficiales'!$C$4:$C$1135,'Resumen 2023'!$B15) -> 0 | H15: =COUNTIFS('Bajas Oficiales'!$H$4:$H$1135,'Resumen 2023'!$H$13,'Bajas Oficiales'!$C$4:$C$1135,'Resumen 2023'!$B15) -> 0 | J15: =COUNTIFS(Base!H:H,'Resumen 2023'!J$13,Base!C:C,'Resumen 2023'!$B6) -> 23 | K15: =COUNTIFS(Base!#REF!,'Resumen 2023'!K$13,Base!D:D,'Resumen 2023'!$B6) -> #REF! | L15: =COUNTIFS(Base!#REF!,'Resumen 2023'!L$13,Base!E:E,'Resumen 2023'!$B6) -> #REF! | M15: =COUNTIFS(Base!#REF!,'Resumen 2023'!M$13,Base!F:F,'Resumen 2023'!$B6) -> #REF! | N15: =SUM(J15:M15) -> #REF!
B16: WE | C16: =COUNTIF('Bajas Oficiales'!$C$4:$C$1135,'Resumen 2023'!B16) -> 0 | D16: =COUNTIFS('Bajas Oficiales'!$H$4:$H$1135,'Resumen 2023'!$D$13,'Bajas Oficiales'!$C$4:$C$1135,'Resumen 2023'!$B16) -> 0 | E16: =COUNTIFS('Bajas Oficiales'!$H$4:$H$1135,'Resumen 2023'!$E$13,'Bajas Oficiales'!$C$4:$C$1135,'Resumen 2023'!$B16) -> 0 | F16: =COUNTIFS('Bajas Oficiales'!$H$4:$H$1135,'Resumen 2023'!$F$13,'Bajas Oficiales'!$C$4:$C$1135,'Resumen 2023'!$B16) -> 0 | G16: =COUNTIFS('Bajas Oficiales'!$H$4:$H$1135,'Resumen 2023'!$G$13,'Bajas Oficiales'!$C$4:$C$1135,'Resumen 2023'!$B16) -> 0 | H16: =COUNTIFS('Bajas Oficiales'!$H$4:$H$1135,'Resumen 2023'!$H$13,'Bajas Oficiales'!$C$4:$C$1135,'Resumen 2023'!$B16) -> 0 | J16: =COUNTIFS(Base!H:H,'Resumen 2023'!J$13,Base!C:C,'Resumen 2023'!$B7) -> 2 | K16: =COUNTIFS(Base!#REF!,'Resumen 2023'!K$13,Base!D:D,'Resumen 2023'!$B7) -> #REF! | L16: =COUNTIFS(Base!#REF!,'Resumen 2023'!L$13,Base!E:E,'Resumen 2023'!$B7) -> #REF! | M16: =COUNTIFS(Base!#REF!,'Resumen 2023'!M$13,Base!F:F,'Resumen 2023'!$B7) -> #REF! | N16: =SUM(J16:M16) -> #REF!
B17: CE | C17: =COUNTIF('Bajas Oficiales'!$C$4:$C$1135,'Resumen 2023'!B17) -> 0 | D17: =COUNTIFS('Bajas Oficiales'!$H$4:$H$1135,'Resumen 2023'!$D$13,'Bajas Oficiales'!$C$4:$C$1135,'Resumen 2023'!$B17) -> 0 | E17: =COUNTIFS('Bajas Oficiales'!$H$4:$H$1135,'Resumen 2023'!$E$13,'Bajas Oficiales'!$C$4:$C$1135,'Resumen 2023'!$B17) -> 0 | F17: =COUNTIFS('Bajas Oficiales'!$H$4:$H$1135,'Resumen 2023'!$F$13,'Bajas Oficiales'!$C$4:$C$1135,'Resumen 2023'!$B17) -> 0 | G17: =COUNTIFS('Bajas Oficiales'!$H$4:$H$1135,'Resumen 2023'!$G$13,'Bajas Oficiales'!$C$4:$C$1135,'Resumen 2023'!$B17) -> 0 | H17: =COUNTIFS('Bajas Oficiales'!$H$4:$H$1135,'Resumen 2023'!$H$13,'Bajas Oficiales'!$C$4:$C$1135,'Resumen 2023'!$B17) -> 0 | J17: =COUNTIFS(Base!H:H,'Resumen 2023'!J$13,Base!C:C,'Resumen 2023'!$B8) -> 4 | K17: =COUNTIFS(Base!#REF!,'Resumen 2023'!K$13,Base!D:D,'Resumen 2023'!$B8) -> #REF! | L17: =COUNTIFS(Base!#REF!,'Resumen 2023'!L$13,Base!E:E,'Resumen 2023'!$B8) -> #REF! | M17: =COUNTIFS(Base!#REF!,'Resumen 2023'!M$13,Base!F:F,'Resumen 2023'!$B8) -> #REF! | N17: =SUM(J17:M17) -> #REF!
B18: SE | C18: =COUNTIF('Bajas Oficiales'!$C$4:$C$1135,'Resumen 2023'!B18) -> 0 | D18: =COUNTIFS('Bajas Oficiales'!$H$4:$H$1135,'Resumen 2023'!$D$13,'Bajas Oficiales'!$C$4:$C$1135,'Resumen 2023'!$B18) -> 0 | E18: =COUNTIFS('Bajas Oficiales'!$H$4:$H$1135,'Resumen 2023'!$E$13,'Bajas Oficiales'!$C$4:$C$1135,'Resumen 2023'!$B18) -> 0 | F18: =COUNTIFS('Bajas Oficiales'!$H$4:$H$1135,'Resumen 2023'!$F$13,'Bajas Oficiales'!$C$4:$C$1135,'Resumen 2023'!$B18) -> 0 | G18: =COUNTIFS('Bajas Oficiales'!$H$4:$H$1135,'Resumen 2023'!$G$13,'Bajas Oficiales'!$C$4:$C$1135,'Resumen 2023'!$B18) -> 0 | H18: =COUNTIFS('Bajas Oficiales'!$H$4:$H$1135,'Resumen 2023'!$H$13,'Bajas Oficiales'!$C$4:$C$1135,'Resumen 2023'!$B18) -> 0 | J18: =COUNTIFS(Base!H:H,'Resumen 2023'!J$13,Base!C:C,'Resumen 2023'!$B9) -> 4 | K18: =COUNTIFS(Base!#REF!,'Resumen 2023'!K$13,Base!D:D,'Resumen 2023'!$B9) -> #REF! | L18: =COUNTIFS(Base!#REF!,'Resumen 2023'!L$13,Base!E:E,'Resumen 2023'!$B9) -> #REF! | M18: =COUNTIFS(Base!#REF!,'Resumen 2023'!M$13,Base!F:F,'Resumen 2023'!$B9) -> #REF! | N18: =SUM(J18:M18) -> #REF!
B19: SIX | C19: =SUM(C14:C18) -> 0 | D19: =SUM(D14:D18) -> 0 | E19: =SUM(E14:E18) -> 0 | F19: =SUM(F14:F18) -> 0 | G19: =SUM(G14:G18) -> 0 | H19: =SUM(H14:H18) -> 0 | J19: =SUM(J14:J18) -> 46 | K19: =SUM(K14:K18) -> #REF! | L19: =SUM(L14:L18) -> #REF! | M19: =SUM(M14:M18) -> #REF! | N19: =SUM(J19:M19) -> #REF!
C21: Rango de Bajas oficales columna C | K21: Rango de "Base" columna H

Sheet PPT Regional
O1: C= Región | P1: H=Tipo cierre
B2: Closures SIX 2024 | E2: Rango "Bajas Oficiales" columna C,D y H | J2: Rango "Base" columna C y H y D | O2: D=Gz
C3: Closed | D3: Reason of Closures | J3: Other reason above AP in Process
B4: Region | D4: Plan | E4: Region Plan | F4: Natural | G4: Legal | H4: Insecurity | J4: Natural | K4: Region Plan | L4: Legal | M4: Insecurity | N4: Total
B5: NW | C5: =COUNTIF('Bajas Oficiales'!$C$4:$C$567,'PPT Regional'!B5) -> 0 | D5: =COUNTIFS('Bajas Oficiales'!$C$4:$C$567,B$5,'Bajas Oficiales'!$H$4:$H$567,'PPT Regional'!D$4) -> 0 | E5: =COUNTIFS('Bajas Oficiales'!$C$4:$C$567,$B5,'Bajas Oficiales'!$H$4:$H$567,'PPT Regional'!E$4) -> 0 | F5: =COUNTIFS('Bajas Oficiales'!$C$4:$C$567,$B5,'Bajas Oficiales'!$H$4:$H$567,'PPT Regional'!F$4) -> 0 | G5: =COUNTIFS('Bajas Oficiales'!$C$4:$C$567,$B5,'Bajas Oficiales'!$H$4:$H$567,'PPT Regional'!G$4) -> 0 | H5: =COUNTIFS('Bajas Oficiales'!$C$4:$C$567,$B5,'Bajas Oficiales'!$H$4:$H$567,'PPT Regional'!H$4) -> 0 | J5: =COUNTIFS(Base!#REF!,$B5,Base!#REF!,'PPT Regional'!J$4) -> #REF! | K5: =COUNTIFS(Base!#REF!,$B5,Base!#REF!,'PPT Regional'!K$4) -> #REF! | L5: =COUNTIFS(Base!#REF!,$B5,Base!#REF!,'PPT Regional'!L$4) -> #REF! | M5: =COUNTIFS(Base!#REF!,$B5,Base!#REF!,'PPT Regional'!M$4) -> #REF! | N5: =SUM(J5:M5) -> #REF!
B6: Baja California Nte | C6: =COUNTIF('Bajas Oficiales'!$D$4:$D$567,'PPT Regional'!B6) -> 17 | D6: =COUNTIFS('Bajas Oficiales'!$D$4:$D$567,'PPT Regional'!$B6,'Bajas Oficiales'!$H$4:$H$567,'PPT Regional'!D$4) -> 13 | E6: =COUNTIFS('Bajas Oficiales'!$D$4:$D$567,'PPT Regional'!$B6,'Bajas Oficiales'!$H$4:$H$567,'PPT Regional'!E$4) -> 0 | F6: =COUNTIFS('Bajas Oficiales'!$D$4:$D$567,'PPT Regional'!$B6,'Bajas Oficiales'!$H$4:$H$567,'PPT Regional'!F$4) -> 4 | G6: =COUNTIFS('Bajas Oficiales'!$D$4:$D$567,'PPT Regional'!$B6,'Bajas Oficiales'!$H$4:$H$567,'PPT Regional'!G$4) -> 0 | H6: =COUNTIFS('Bajas Oficiales'!$D$4:$D$567,'PPT Regional'!$B6,'Bajas Oficiales'!$H$4:$H$567,'PPT Regional'!H$4) -> 0 | J6: =COUNTIFS(Base!H:H,'PPT Regional'!J$4,Base!D:D,'PPT Regional'!$B6) -> 0 | K6: =COUNTIFS(Base!#REF!,'PPT Regional'!K$4,Base!#REF!,'PPT Regional'!$B6) -> #REF! | L6: =COUNTIFS(Base!#REF!,'PPT Regional'!L$4,Base!#REF!,'PPT Regional'!$B6) -> #REF! | M6: =COUNTIFS(Base!#REF!,'PPT Regional'!M$4,Base!#REF!,'PPT Regional'!$B6) -> #REF! | N6: =SUM(J6:M6) -> #REF!
B7: Baja California Sur | C7: =COUNTIF('Bajas Oficiales'!$D$4:$D$567,'PPT Regional'!B7) -> 7 | D7: =COUNTIFS('Bajas Oficiales'!$D$4:$D$567,'PPT Regional'!$B7,'Bajas Oficiales'!$H$4:$H$567,'PPT Regional'!D$4) -> 6 | E7: =COUNTIFS('Bajas Oficiales'!$D$4:$D$567,'PPT Regional'!$B7,'Bajas Oficiales'!$H$4:$H$567,'PPT Regional'!E$4) -> 0 | F7: =COUNTIFS('Bajas Oficiales'!$D$4:$D$567,'PPT Regional'!$B7,'Bajas Oficiales'!$H$4:$H$567,'PPT Regional'!F$4) -> 0 | G7: =COUNTIFS('Bajas Oficiales'!$D$4:$D$567,'PPT Regional'!$B7,'Bajas Oficiales'!$H$4:$H$567,'PPT Regional'!G$4) -> 0 | H7: =COUNTIFS('Bajas Oficiales'!$D$4:$D$567,'PPT Regional'!$B7,'Bajas Oficiales'!$H$4:$H$567,'PPT Regional'!H$4) -> 1 | J7: =COUNTIFS(Base!H:H,'PPT Regional'!J$4,Base!D:D,'PPT Regional'!$B7) -> 0 | K7: =COUNTIFS(Base!#REF!,'PPT Regional'!K$4,Base!#REF!,'PPT Regional'!$B7) -> #REF! | L7: =COUNTIFS(Base!#REF!,'PPT Regional'!L$4,Base!#REF!,'PPT Regional'!$B7) -> #REF! | M7: =COUNTIFS(Base!#REF!,'PPT Regional'!M$4,Base!#REF!,'PPT Regional'!$B7) -> #REF! | N7: =SUM(J7:M7) -> #REF!
B8: Chihuahua | C8: =COUNTIF('Bajas Oficiales'!$D$4:$D$567,'PPT Regional'!B8) -> 17 | D8: =COUNTIFS('Bajas Oficiales'!$D$4:$D$567,'PPT Regional'!$B8,'Bajas Oficiales'!$H$4:$H$567,'PPT Regional'!D$4) -> 15 | E8: =COUNTIFS('Bajas Oficiales'!$D$4:$D$567,'PPT Regional'!$B8,'Bajas Oficiales'!$H$4:$H$567,'PPT Regional'!E$4) -> 0 | F8: =COUNTIFS('Bajas Oficiales'!$D$4:$D$567,'PPT Regional'!$B8,'Bajas Oficiales'!$H$4:$H$567,'PPT Regional'!F$4) -> 2 | G8: =COUNTIFS('Bajas Oficiales'!$D$4:$D$567,'PPT Regional'!$B8,'Bajas Oficiales'!$H$4:$H$567,'PPT Regional'!G$4) -> 0 | H8: =COUNTIFS('Bajas Oficiales'!$D$4:$D$567,'PPT Regional'!$B8,'Bajas Oficiales'!$H$4:$H$567,'PPT Regional'!H$4) -> 0 | J8: =COUNTIFS(Base!H:H,'PPT Regional'!J$4,Base!D:D,'PPT Regional'!$B8) -> 0 | K8: =COUNTIFS(Base!#REF!,'PPT Regional'!K$4,Base!#REF!,'PPT Regional'!$B8) -> #REF! | L8: =COUNTIFS(Base!#REF!,'PPT Regional'!L$4,Base!#REF!,'PPT Regional'!$B8) -> #REF! | M8: =COUNTIFS(Base!#REF!,'PPT Regional'!M$4,Base!#REF!,'PPT Regional'!$B8) -> #REF! | N8: =SUM(J8:M8) -> #REF!
B9: Juárez | C9: =COUNTIF('Bajas Oficiales'!$D$4:$D$567,'PPT Regional'!B9) -> 7 | D9: =COUNTIFS('Bajas Oficiales'!$D$4:$D$567,'PPT Regional'!$B9,'Bajas Oficiales'!$H$4:$H$567,'PPT Regional'!D$4) -> 5 | E9: =COUNTIFS('Bajas Oficiales'!$D$4:$D$567,'PPT Regional'!$B9,'Bajas Oficiales'!$H$4:$H$567,'PPT Regional'!E$4) -> 0 | F9: =COUNTIFS('Bajas Oficiales'!$D$4:$D$567,'PPT Regional'!$B9,'Bajas Oficiales'!$H$4:$H$567,'PPT Regional'!F$4) -> 2 | G9: =COUNTIFS('Bajas Oficiales'!$D$4:$D$567,'PPT Regional'!$B9,'Bajas Oficiales'!$H$4:$H$567,'PPT Regional'!G$4) -> 0 | H9: =COUNTIFS('Bajas Oficiales'!$D$4:$D$567,'PPT Regional'!$B9,'Bajas Oficiales'!$H$4:$H$567,'PPT Regional'!H$4) -> 0 | J9: =COUNTIFS(Base!H:H,'PPT Regional'!J$4,Base!D:D,'PPT Regional'!$B9) -> 0 | K9: =COUNTIFS(Base!#REF!,'PPT Regional'!K$4,Base!#REF!,'PPT Regional'!$B9) -> #REF! | L9: =COUNTIFS(Base!#REF!,'PPT Regional'!L$4,Base!#REF!,'PPT Regional'!$B9) -> #REF! | M9: =COUNTIFS(Base!#REF!,'PPT Regional'!M$4,Base!#REF!,'PPT Regional'!$B9) -> #REF! | N9: =SUM(J9:M9) -> #REF!
B10: Sinaloa | C10: =COUNTIF('Bajas Oficiales'!$D$4:$D$567,'PPT Regional'!B10) -> 35 | D10: =COUNTIFS('Bajas Oficiales'!$D$4:$D$567,'PPT Regional'!$B10,'Bajas Oficiales'!$H$4:$H$567,'PPT Regional'!D$4) -> 31 | E10: =COUNTIFS('Bajas Oficiales'!$D$4:$D$567,'PPT Regional'!$B10,'Bajas Oficiales'!$H$4:$H$567,'PPT Regional'!E$4) -> 0 | F10: =COUNTIFS('Bajas Oficiales'!$D$4:$D$567,'PPT Regional'!$B10,'Bajas Oficiales'!$H$4:$H$567,'PPT Regional'!F$4) -> 4 | G10: =COUNTIFS('Bajas Oficiales'!$D$4:$D$567,'PPT Regional'!$B10,'Bajas Oficiales'!$H$4:$H$567,'PPT Regional'!G$4) -> 0 | H10: =COUNTIFS('Bajas Oficiales'!$D$4:$D$567,'PPT Regional'!$B10,'Bajas Oficiales'!$H$4:$H$567,'PPT Regional'!H$4) -> 0 | J10: =COUNTIFS(Base!H:H,'PPT Regional'!J$4,Base!D:D,'PPT Regional'!$B10) -> 0 | K10: =COUNTIFS(Base!#REF!,'PPT Regional'!K$4,Base!#REF!,'PPT Regional'!$B10) -> #REF! | L10: =COUNTIFS(Base!#REF!,'PPT Regional'!L$4,Base!#REF!,'PPT Regional'!$B10) -> #REF! | M10: =COUNTIFS(Base!#REF!,'PPT Regional'!M$4,Base!#REF!,'PPT Regional'!$B10) -> #REF! | N10: =SUM(J10:M10) -> #REF!
B11: Sonora | C11: =COUNTIF('Bajas Oficiales'!$D$4:$D$567,'PPT Regional'!B11) -> 16 | D11: =COUNTIFS('Bajas Oficiales'!$D$4:$D$567,'PPT Regional'!$B11,'Bajas Oficiales'!$H$4:$H$567,'PPT Regional'!D$4) -> 14 | E11: =COUNTIFS('Bajas Oficiales'!$D$4:$D$567,'PPT Regional'!$B11,'Bajas Oficiales'!$H$4:$H$567,'PPT Regional'!E$4) -> 0 | F11: =COUNTIFS('Bajas Oficiales'!$D$4:$D$567,'PPT Regional'!$B11,'Bajas Oficiales'!$H$4:$H$567,'PPT Regional'!F$4) -> 2 | G11: =COUNTIFS('Bajas Oficiales'!$D$4:$D$567,'PPT Regional'!$B11,'Bajas Oficiales'!$H$4:$H$567,'PPT Regional'!G$4) -> 0 | H11: =COUNTIFS('Bajas Oficiales'!$D$4:$D$567,'PPT Regional'!$B11,'Bajas Oficiales'!$H$4:$H$567,'PPT Regional'!H$4) -> 0 | J11: =COUNTIFS(Base!H:H,'PPT Regional'!J$4,Base!D:D,'PPT Regional'!$B11) -> 0 | K11: =COUNTIFS(Base!#REF!,'PPT Regional'!K$4,Base!#REF!,'PPT Regional'!$B11) -> #REF! | L11: =COUNTIFS(Base!#REF!,'PPT Regional'!L$4,Base!#REF!,'PPT Regional'!$B11) -> #REF! | M11: =COUNTIFS(Base!#REF!,'PPT Regional'!M$4,Base!#REF!,'PPT Regional'!$B11) -> #REF! | N11: =SUM(J11:M11) -> #REF!
B12: NE | C12: =COUNTIF('Bajas Oficiales'!$C$4:$C$567,'PPT Regional'!B12) -> 0 | D12: =COUNTIFS('Bajas Oficiales'!$C$4:$C$567,B12,'Bajas Oficiales'!$H$4:$H$567,'PPT Regional'!D$4) -> 0 | E12: =COUNTIFS('Bajas Oficiales'!$C$4:$C$567,$B12,'Bajas Oficiales'!$H$4:$H$567,'PPT Regional'!E$4) -> 0 | F12: =COUNTIFS('Bajas Oficiales'!$C$4:$C$567,$B12,'Bajas Oficiales'!$H$4:$H$567,'PPT Regional'!F$4) -> 0 | G12: =COUNTIFS('Bajas Oficiales'!$C$4:$C$567,$B12,'Bajas Oficiales'!$H$4:$H$567,'PPT Regional'!G$4) -> 0 | H12: =COUNTIFS('Bajas Oficiales'!$C$4:$C$567,$B12,'Bajas Oficiales'!$H$4:$H$567,'PPT Regional'!H$4) -> 0 | J12: =COUNTIFS(Base!#REF!,$B12,Base!#REF!,'PPT Regional'!J$4) -> #REF! | K12: =COUNTIFS(Base!#REF!,$B12,Base!#REF!,'PPT Regional'!K$4) -> #REF! | L12: =COUNTIFS(Base!#REF!,$B12,Base!#REF!,'PPT Regional'!L$4) -> #REF! | M12: =COUNTIFS(Base!#REF!,$B12,Base!#REF!,'PPT Regional'!M$4) -> #REF! | N12: =SUM(J12:M12) -> #REF!
B13: Coahuila | C13: =COUNTIF('Bajas Oficiales'!$D$4:$D$567,'PPT Regional'!B13) -> 43 | D13: =COUNTIFS('Bajas Oficiales'!$D$4:$D$567,'PPT Regional'!$B13,'Bajas Oficiales'!$H$4:$H$567,'PPT Regional'!D$4) -> 29 | E13: =COUNTIFS('Bajas Oficiales'!$D$4:$D$567,'PPT Regional'!$B13,'Bajas Oficiales'!$H$4:$H$567,'PPT Regional'!E$4) -> 4 | F13: =COUNTIFS('Bajas Oficiales'!$D$4:$D$567,'PPT Regional'!$B13,'Bajas Oficiales'!$H$4:$H$567,'PPT Regional'!F$4) -> 1 | G13: =COUNTIFS('Bajas Oficiales'!$D$4:$D$567,'PPT Regional'!$B13,'Bajas Oficiales'!$H$4:$H$567,'PPT Regional'!G$4) -> 9 | H13: =COUNTIFS('Bajas Oficiales'!$D$4:$D$567,'PPT Regional'!$B13,'Bajas Oficiales'!$H$4:$H$567,'PPT Regional'!H$4) -> 0 | J13: =COUNTIFS(Base!#REF!,'PPT Regional'!J$4,Base!#REF!,'PPT Regional'!$B13) -> #REF! | K13: =COUNTIFS(Base!#REF!,'PPT Regional'!K$4,Base!#REF!,'PPT Regional'!$B13) -> #REF! | L13: =COUNTIFS(Base!#REF!,'PPT Regional'!L$4,Base!#REF!,'PPT Regional'!$B13) -> #REF! | M13: =COUNTIFS(Base!#REF!,'PPT Regional'!M$4,Base!#REF!,'PPT Regional'!$B13) -> #REF! | N13: =SUM(J13:M13) -> #REF!
B14: Durango | C14: =COUNTIF('Bajas Oficiales'!$D$4:$D$567,'PPT Regional'!B14) -> 4 | D14: =COUNTIFS('Bajas Oficiales'!$D$4:$D$567,'PPT Regional'!$B14,'Bajas Oficiales'!$H$4:$H$567,'PPT Regional'!D$4) -> 3 | E14: =COUNTIFS('Bajas Oficiales'!$D$4:$D$567,'PPT Regional'!$B14,'Bajas Oficiales'!$H$4:$H$567,'PPT Regional'!E$4) -> 1 | F14: =COUNTIFS('Bajas Oficiales'!$D$4:$D$567,'PPT Regional'!$B14,'Bajas Oficiales'!$H$4:$H$567,'PPT Regional'!F$4) -> 0 | G14: =COUNTIFS('Bajas Oficiales'!$D$4:$D$567,'PPT Regional'!$B14,'Bajas Oficiales'!$H$4:$H$567,'PPT Regional'!G$4) -> 0 | H14: =COUNTIFS('Bajas Oficiales'!$D$4:$D$567,'PPT Regional'!$B14,'Bajas Oficiales'!$H$4:$H$567,'PPT Regional'!H$4) -> 0 | J14: =COUNTIFS(Base!#REF!,'PPT Regional'!J$4,Base!#REF!,'PPT Regional'!$B14) -> #REF! | K14: =COUNTIFS(Base!#REF!,'PPT Regional'!K$4,Base!#REF!,'PPT Regional'!$B14) -> #REF! | L14: =COUNTIFS(Base!#REF!,'PPT Regional'!L$4,Base!#REF!,'PPT Regional'!$B14) -> #REF! | M14: =COUNTIFS(Base!#REF!,'PPT Regional'!M$4,Base!#REF!,'PPT Regional'!$B14) -> #REF! | N14: =SUM(J14:M14) -> #REF!
B15: Nuevo León | C15: =COUNTIF('Bajas Oficiales'!$D$4:$D$567,'PPT Regional'!B15) -> 87 | D15: =COUNTIFS('Bajas Oficiales'!$D$4:$D$567,'PPT Regional'!$B15,'Bajas Oficiales'!$H$4:$H$567,'PPT Regional'!D$4) -> 70 | E15: =COUNTIFS('Bajas Oficiales'!$D$4:$D$567,'PPT Regional'!$B15,'Bajas Oficiales'!$H$4:$H$567,'PPT Regional'!E$4) -> 2 | F15: =COUNTIFS('Bajas Oficiales'!$D$4:$D$567,'PPT Regional'!$B15,'Bajas Oficiales'!$H$4:$H$567,'PPT Regional'!F$4) -> 1 | G15: =COUNTIFS('Bajas Oficiales'!$D$4:$D$567,'PPT Regional'!$B15,'Bajas Oficiales'!$H$4:$H$567,'PPT Regional'!G$4) -> 12 | H15: =COUNTIFS('Bajas Oficiales'!$D$4:$D$567,'PPT Regional'!$B15,'Bajas Oficiales'!$H$4:$H$567,'PPT Regional'!H$4) -> 2 | J15: =COUNTIFS(Base!#REF!,'PPT Regional'!J$4,Base!#REF!,'PPT Regional'!$B15) -> #REF! | K15: =COUNTIFS(Base!#REF!,'PPT Regional'!K$4,Base!#REF!,'PPT Regional'!$B15) -> #REF! | L15: =COUNTIFS(Base!#REF!,'PPT Regional'!L$4,Base!#REF!,'PPT Regional'!$B15) -> #REF! | M15: =COUNTIFS(Base!#REF!,'PPT Regional'!M$4,Base!#REF!,'PPT Regional'!$B15) -> #REF! | N15: =SUM(J15:M15) -> #REF!
B16: Tamaulipas Nte | C16: =COUNTIF('Bajas Oficiales'!$D$4:$D$567,'PPT Regional'!B16) -> 19 | D16: =COUNTIFS('Bajas Oficiales'!$D$4:$D$567,'PPT Regional'!$B16,'Bajas Oficiales'!$H$4:$H$567,'PPT Regional'!D$4) -> 8 | E16: =COUNTIFS('Bajas Oficiales'!$D$4:$D$567,'PPT Regional'!$B16,'Bajas Oficiales'!$H$4:$H$567,'PPT Regional'!E$4) -> 0 | F16: =COUNTIFS('Bajas Oficiales'!$D$4:$D$567,'PPT Regional'!$B16,'Bajas Oficiales'!$H$4:$H$567,'PPT Regional'!F$4) -> 0 | G16: =COUNTIFS('Bajas Oficiales'!$D$4:$D$567,'PPT Regional'!$B16,'Bajas Oficiales'!$H$4:$H$567,'PPT Regional'!G$4) -> 11 | H16: =COUNTIFS('Bajas Oficiales'!$D$4:$D$567,'PPT Regional'!$B16,'Bajas Oficiales'!$H$4:$H$567,'PPT Regional'!H$4) -> 0 | J16: =COUNTIFS(Base!#REF!,'PPT Regional'!J$4,Base!#REF!,'PPT Regional'!$B16) -> #REF! | K16: =COUNTIFS(Base!#REF!,'PPT Regional'!K$4,Base!#REF!,'PPT Regional'!$B16) -> #REF! | L16: =COUNTIFS(Base!#REF!,'PPT Regional'!L$4,Base!#REF!,'PPT Regional'!$B16) -> #REF! | M16: =COUNTIFS(Base!#REF!,'PPT Regional'!M$4,Base!#REF!,'PPT Regional'!$B16) -> #REF! | N16: =SUM(J16:M16) -> #REF!
B17: Tamps Sur/Ver Nte | C17: =COUNTIF('Bajas Oficiales'!$D$4:$D$567,'PPT Regional'!B17) -> 19 | D17: =COUNTIFS('Bajas Oficiales'!$D$4:$D$567,'PPT Regional'!$B17,'Bajas Oficiales'!$H$4:$H$567,'PPT Regional'!D$4) -> 7 | E17: =COUNTIFS('Bajas Oficiales'!$D$4:$D$567,'PPT Regional'!$B17,'Bajas Oficiales'!$H$4:$H$567,'PPT Regional'!E$4) -> 0 | F17: =COUNTIFS('Bajas Oficiales'!$D$4:$D$567,'PPT Regional'!$B17,'Bajas Oficiales'!$H$4:$H$567,'PPT Regional'!F$4) -> 1 | G17: =COUNTIFS('Bajas Oficiales'!$D$4:$D$567,'PPT Regional'!$B17,'Bajas Oficiales'!$H$4:$H$567,'PPT Regional'!G$4) -> 8 | H17: =COUNTIFS('Bajas Oficiales'!$D$4:$D$567,'PPT Regional'!$B17,'Bajas Oficiales'!$H$4:$H$567,'PPT Regional'!H$4) -> 0 | J17: =COUNTIFS(Base!#REF!,'PPT Regional'!J$4,Base!#REF!,'PPT Regional'!$B17) -> #REF! | K17: =COUNTIFS(Base!#REF!,'PPT Regional'!K$4,Base!#REF!,'PPT Regional'!$B17) -> #REF! | L17: =COUNTIFS(Base!#REF!,'PPT Regional'!L$4,Base!#REF!,'PPT Regional'!$B17) -> #REF! | M17: =COUNTIFS(Base!#REF!,'PPT Regional'!M$4,Base!#REF!,'PPT Regional'!$B17) -> #REF! | N17: =SUM(J17:M17) -> #REF!
B18: WE | C18: =COUNTIF('Bajas Oficiales'!$C$4:$C$567,'PPT Regional'!B18) -> 0 | D18: =COUNTIFS('Bajas Oficiales'!$C$4:$C$567,B18,'Bajas Oficiales'!$H$4:$H$567,'PPT Regional'!D$4) -> 0 | E18: =COUNTIFS('Bajas Oficiales'!$C$4:$C$567,$B18,'Bajas Oficiales'!$H$4:$H$567,'PPT Regional'!E$4) -> 0 | F18: =COUNTIFS('Bajas Oficiales'!$C$4:$C$567,$B18,'Bajas Oficiales'!$H$4:$H$567,'PPT Regional'!F$4) -> 0 | G18: =COUNTIFS('Bajas Oficiales'!$C$4:$C$567,$B18,'Bajas Oficiales'!$H$4:$H$567,'PPT Regional'!G$4) -> 0 | H18: =COUNTIFS('Bajas Oficiales'!$C$4:$C$567,$B18,'Bajas Oficiales'!$H$4:$H$567,'PPT Regional'!H$4) -> 0 | J18: =COUNTIFS(Base!#REF!,$B18,Base!#REF!,'PPT Regional'!J$4) -> #REF! | K18: =COUNTIFS(Base!#REF!,$B18,Base!#REF!,'PPT Regional'!K$4) -> #REF! | L18: =COUNTIFS(Base!#REF!,$B18,Base!#REF!,'PPT Regional'!L$4) -> #REF! | M18: =COUNTIFS(Base!#REF!,$B18,Base!#REF!,'PPT Regional'!M$4) -> #REF! | N18: =SUM(J18:M18) -> #REF!
B19: Ags-Zac-SLP | C19: =COUNTIF('Bajas Oficiales'!$D$4:$D$567,'PPT Regional'!B19) -> 9 | D19: =COUNTIFS('Bajas Oficiales'!$D$4:$D$567,'PPT Regional'!$B19,'Bajas Oficiales'!$H$4:$H$567,'PPT Regional'!D$4) -> 9 | E19: =COUNTIFS('Bajas Oficiales'!$D$4:$D$567,'PPT Regional'!$B19,'Bajas Oficiales'!$H$4:$H$567,'PPT Regional'!E$4) -> 0 | F19: =COUNTIFS('Bajas Oficiales'!$D$4:$D$567,'PPT Regional'!$B19,'Bajas Oficiales'!$H$4:$H$567,'PPT Regional'!F$4) -> 0 | G19: =COUNTIFS('Bajas Oficiales'!$D$4:$D$567,'PPT Regional'!$B19,'Bajas Oficiales'!$H$4:$H$567,'PPT Regional'!G$4) -> 0 | H19: =COUNTIFS('Bajas Oficiales'!$D$4:$D$567,'PPT Regional'!$B19,'Bajas Oficiales'!$H$4:$H$567,'PPT Regional'!H$4) -> 0 | J19: =COUNTIFS(Base!#REF!,'PPT Regional'!J$4,Base!#REF!,'PPT Regional'!$B19) -> #REF! | K19: =COUNTIFS(Base!#REF!,'PPT Regional'!K$4,Base!#REF!,'PPT Regional'!$B19) -> #REF! | L19: =COUNTIFS(Base!#REF!,'PPT Regional'!L$4,Base!#REF!,'PPT Regional'!$B19) -> #REF! | M19: =COUNTIFS(Base!#REF!,'PPT Regional'!M$4,Base!#REF!,'PPT Regional'!$B19) -> #REF! | N19: =SUM(J19:M19) -> #REF!
B20: Guanajuato - Querétaro | C20: =COUNTIF('Bajas Oficiales'!$D$4:$D$567,'PPT Regional'!B20) -> 2 | D20: =COUNTIFS('Bajas Oficiales'!$D$4:$D$567,'PPT Regional'!$B20,'Bajas Oficiales'!$H$4:$H$567,'PPT Regional'!D$4) -> 2 | E20: =COUNTIFS('Bajas Oficiales'!$D$4:$D$567,'PPT Regional'!$B20,'Bajas Oficiales'!$H$4:$H$567,'PPT Regional'!E$4) -> 0 | F20: =COUNTIFS('Bajas Oficiales'!$D$4:$D$567,'PPT Regional'!$B20,'Bajas Oficiales'!$H$4:$H$567,'PPT Regional'!F$4) -> 0 | G20: =COUNTIFS('Bajas Oficiales'!$D$4:$D$567,'PPT Regional'!$B20,'Bajas Oficiales'!$H$4:$H$567,'PPT Regional'!G$4) -> 0 | H20: =COUNTIFS('Bajas Oficiales'!$D$4:$D$567,'PPT Regional'!$B20,'Bajas Oficiales'!$H$4:$H$567,'PPT Regional'!H$4) -> 0 | J20: =COUNTIFS(Base!#REF!,'PPT Regional'!J$4,Base!#REF!,'PPT Regional'!$B20) -> #REF! | K20: =COUNTIFS(Base!#REF!,'PPT Regional'!K$4,Base!#REF!,'PPT Regional'!$B20) -> #REF! | L20: =COUNTIFS(Base!#REF!,'PPT Regional'!L$4,Base!#REF!,'PPT Regional'!$B20) -> #REF! | M20: =COUNTIFS(Base!#REF!,'PPT Regional'!M$4,Base!#REF!,'PPT Regional'!$B20) -> #REF! | N20: =SUM(J20:M20) -> #REF!
B21: Jal - Col - Nay | C21: =COUNTIF('Bajas Oficiales'!$D$4:$D$567,'PPT Regional'!B21) -> 34 | D21: =COUNTIFS('Bajas Oficiales'!$D$4:$D$567,'PPT Regional'!$B21,'Bajas Oficiales'!$H$4:$H$567,'PPT Regional'!D$4) -> 7 | E21: =COUNTIFS('Bajas Oficiales'!$D$4:$D$567,'PPT Regional'!$B21,'Bajas Oficiales'!$H$4:$H$567,'PPT Regional'!E$4) -> 0 | F21: =COUNTIFS('Bajas Oficiales'!$D$4:$D$567,'PPT Regional'!$B21,'Bajas Oficiales'!$H$4:$H$567,'PPT Regional'!F$4) -> 25 | G21: =COUNTIFS('Bajas Oficiales'!$D$4:$D$567,'PPT Regional'!$B21,'Bajas Oficiales'!$H$4:$H$567,'PPT Regional'!G$4) -> 2 | H21: =COUNTIFS('Bajas Oficiales'!$D$4:$D$567,'PPT Regional'!$B21,'Bajas Oficiales'!$H$4:$H$567,'PPT Regional'!H$4) -> 0 | J21: =COUNTIFS(Base!#REF!,'PPT Regional'!J$4,Base!#REF!,'PPT Regional'!$B21) -> #REF! | K21: =COUNTIFS(Base!#REF!,'PPT Regional'!K$4,Base!#REF!,'PPT Regional'!$B21) -> #REF! | L21: =COUNTIFS(Base!#REF!,'PPT Regional'!L$4,Base!#REF!,'PPT Regional'!$B21) -> #REF! | M21: =COUNTIFS(Base!#REF!,'PPT Regional'!M$4,Base!#REF!,'PPT Regional'!$B21) -> #REF! | N21: =SUM(J21:M21) -> #REF!
B22: Michoacán | C22: =COUNTIF('Bajas Oficiales'!$D$4:$D$567,'PPT Regional'!B22) -> 4 | D22: =COUNTIFS('Bajas Oficiales'!$D$4:$D$567,'PPT Regional'!$B22,'Bajas Oficiales'!$H$4:$H$567,'PPT Regional'!D$4) -> 3 | E22: =COUNTIFS('Bajas Oficiales'!$D$4:$D$567,'PPT Regional'!$B22,'Bajas Oficiales'!$H$4:$H$567,'PPT Regional'!E$4) -> 0 | F22: =COUNTIFS('Bajas Oficiales'!$D$4:$D$567,'PPT Regional'!$B22,'Bajas Oficiales'!$H$4:$H$567,'PPT Regional'!F$4) -> 0 | G22: =COUNTIFS('Bajas Oficiales'!$D$4:$D$567,'PPT Regional'!$B22,'Bajas Oficiales'!$H$4:$H$567,'PPT Regional'!G$4) -> 1 | H22: =COUNTIFS('Bajas Oficiales'!$D$4:$D$567,'PPT Regional'!$B22,'Bajas Oficiales'!$H$4:$H$567,'PPT Regional'!H$4) -> 0 | J22: =COUNTIFS(Base!#REF!,'PPT Regional'!J$4,Base!#REF!,'PPT Regional'!$B22) -> #REF! | K22: =COUNTIFS(Base!#REF!,'PPT Regional'!K$4,Base!#REF!,'PPT Regional'!$B22) -> #REF! | L22: =COUNTIFS(Base!#REF!,'PPT Regional'!L$4,Base!#REF!,'PPT Regional'!$B22) -> #REF! | M22: =COUNTIFS(Base!#REF!,'PPT Regional'!M$4,Base!#REF!,'PPT Regional'!$B22) -> #REF! | N22: =SUM(J22:M22) -> #REF!
B23: CE | C23: =COUNTIF('Bajas Oficiales'!$C$4:$C$567,'PPT Regional'!B23) -> 0 | D23: =COUNTIFS('Bajas Oficiales'!$C$4:$C$567,B23,'Bajas Oficiales'!$H$4:$H$567,'PPT Regional'!D$4) -> 0 | E23: =COUNTIFS('Bajas Oficiales'!$C$4:$C$567,$B23,'Bajas Oficiales'!$H$4:$H$567,'PPT Regional'!E$4) -> 0 | F23: =COUNTIFS('Bajas Oficiales'!$C$4:$C$567,$B23,'Bajas Oficiales'!$H$4:$H$567,'PPT Regional'!F$4) -> 0 | G23: =COUNTIFS('Bajas Oficiales'!$C$4:$C$567,$B23,'Bajas Oficiales'!$H$4:$H$567,'PPT Regional'!G$4) -> 0 | H23: =COUNTIFS('Bajas Oficiales'!$C$4:$C$567,$B23,'Bajas Oficiales'!$H$4:$H$567,'PPT Regional'!H$4) -> 0 | J23: =COUNTIFS(Base!#REF!,$B23,Base!#REF!,'PPT Regional'!J$4) -> #REF! | K23: =COUNTIFS(Base!#REF!,$B23,Base!#REF!,'PPT Regional'!K$4) -> #REF! | L23: =COUNTIFS(Base!#REF!,$B23,Base!#REF!,'PPT Regional'!L$4) -> #REF! | M23: =COUNTIFS(Base!#REF!,$B23,Base!#REF!,'PPT Regional'!M$4) -> #REF! | N23: =SUM(J23:M23) -> #REF!
B24: Estado de México | C24: =COUNTIF('Bajas Oficiales'!$D$4:$D$567,'PPT Regional'!B24) -> 5 | D24: =COUNTIFS('Bajas Oficiales'!$D$4:$D$567,'PPT Regional'!$B24,'Bajas Oficiales'!$H$4:$H$567,'PPT Regional'!D$4) -> 0 | E24: =COUNTIFS('Bajas Oficiales'!$D$4:$D$567,'PPT Regional'!$B24,'Bajas Oficiales'!$H$4:$H$567,'PPT Regional'!E$4) -> 1 | F24: =COUNTIFS('Bajas Oficiales'!$D$4:$D$567,'PPT Regional'!$B24,'Bajas Oficiales'!$H$4:$H$567,'PPT Regional'!F$4) -> 2 | G24: =COUNTIFS('Bajas Oficiales'!$D$4:$D$567,'PPT Regional'!$B24,'Bajas Oficiales'!$H$4:$H$567,'PPT Regional'!G$4) -> 0 | H24: =COUNTIFS('Bajas Oficiales'!$D$4:$D$567,'PPT Regional'!$B24,'Bajas Oficiales'!$H$4:$H$567,'PPT Regional'!H$4) -> 2 | J24: =COUNTIFS(Base!#REF!,'PPT Regional'!J$4,Base!#REF!,'PPT Regional'!$B24) -> #REF! | K24: =COUNTIFS(Base!#REF!,'PPT Regional'!K$4,Base!#REF!,'PPT Regional'!$B24) -> #REF! | L24: =COUNTIFS(Base!#REF!,'PPT Regional'!L$4,Base!#REF!,'PPT Regional'!$B24) -> #REF! | M24: =COUNTIFS(Base!#REF!,'PPT Regional'!M$4,Base!#REF!,'PPT Regional'!$B24) -> #REF! | N24: =SUM(J24:M24) -> #REF!
B25: Hidalgo | C25: =COUNTIF('Bajas Oficiales'!$D$4:$D$567,'PPT Regional'!B25) -> 4 | D25: =COUNTIFS('Bajas Oficiales'!$D$4:$D$567,'PPT Regional'!$B25,'Bajas Oficiales'!$H$4:$H$567,'PPT Regional'!D$4) -> 2 | E25: =COUNTIFS('Bajas Oficiales'!$D$4:$D$567,'PPT Regional'!$B25,'Bajas Oficiales'!$H$4:$H$567,'PPT Regional'!E$4) -> 0 | F25: =COUNTIFS('Bajas Oficiales'!$D$4:$D$567,'PPT Regional'!$B25,'Bajas Oficiales'!$H$4:$H$567,'PPT Regional'!F$4) -> 2 | G25: =COUNTIFS('Bajas Oficiales'!$D$4:$D$567,'PPT Regional'!$B25,'Bajas Oficiales'!$H$4:$H$567,'PPT Regional'!G$4) -> 0 | H25: =COUNTIFS('Bajas Oficiales'!$D$4:$D$567,'PPT Regional'!$B25,'Bajas Oficiales'!$H$4:$H$567,'PPT Regional'!H$4) -> 0 | J25: =COUNTIFS(Base!#REF!,'PPT Regional'!J$4,Base!#REF!,'PPT Regional'!$B25) -> #REF! | K25: =COUNTIFS(Base!#REF!,'PPT Regional'!K$4,Base!#REF!,'PPT Regional'!$B25) -> #REF! | L25: =COUNTIFS(Base!#REF!,'PPT Regional'!L$4,Base!#REF!,'PPT Regional'!$B25) -> #REF! | M25: =COUNTIFS(Base!#REF!,'PPT Regional'!M$4,Base!#REF!,'PPT Regional'!$B25) -> #REF! | N25: =SUM(J25:M25) -> #REF!
B26: Guerrero - Morelos | C26: =COUNTIF('Bajas Oficiales'!$D$4:$D$567,'PPT Regional'!B26) -> 9 | D26: =COUNTIFS('Bajas Oficiales'!$D$4:$D$567,'PPT Regional'!$B26,'Bajas Oficiales'!$H$4:$H$567,'PPT Regional'!D$4) -> 6 | E26: =COUNTIFS('Bajas Oficiales'!$D$4:$D$567,'PPT Regional'!$B26,'Bajas Oficiales'!$H$4:$H$567,'PPT Regional'!E$4) -> 2 | F26: =COUNTIFS('Bajas Oficiales'!$D$4:$D$567,'PPT Regional'!$B26,'Bajas Oficiales'!$H$4:$H$567,'PPT Regional'!F$4) -> 1 | G26: =COUNTIFS('Bajas Oficiales'!$D$4:$D$567,'PPT Regional'!$B26,'Bajas Oficiales'!$H$4:$H$567,'PPT Regional'!G$4) -> 0 | H26: =COUNTIFS('Bajas Oficiales'!$D$4:$D$567,'PPT Regional'!$B26,'Bajas Oficiales'!$H$4:$H$567,'PPT Regional'!H$4) -> 0 | J26: =COUNTIFS(Base!#REF!,'PPT Regional'!J$4,Base!#REF!,'PPT Regional'!$B26) -> #REF! | K26: =COUNTIFS(Base!#REF!,'PPT Regional'!K$4,Base!#REF!,'PPT Regional'!$B26) -> #REF! | L26: =COUNTIFS(Base!#REF!,'PPT Regional'!L$4,Base!#REF!,'PPT Regional'!$B26) -> #REF! | M26: =COUNTIFS(Base!#REF!,'PPT Regional'!M$4,Base!#REF!,'PPT Regional'!$B26) -> #REF! | N26: =SUM(J26:M26) -> #REF!
B27: Puebla - Tlaxcala | C27: =COUNTIF('Bajas Oficiales'!$D$4:$D$567,'PPT Regional'!B27) -> 9 | D27: =COUNTIFS('Bajas Oficiales'!$D$4:$D$567,'PPT Regional'!$B27,'Bajas Oficiales'!$H$4:$H$567,'PPT Regional'!D$4) -> 3 | E27: =COUNTIFS('Bajas Oficiales'!$D$4:$D$567,'PPT Regional'!$B27,'Bajas Oficiales'!$H$4:$H$567,'PPT Regional'!E$4) -> 0 | F27: =COUNTIFS('Bajas Oficiales'!$D$4:$D$567,'PPT Regional'!$B27,'Bajas Oficiales'!$H$4:$H$567,'PPT Regional'!F$4) -> 6 | G27: =COUNTIFS('Bajas Oficiales'!$D$4:$D$567,'PPT Regional'!$B27,'Bajas Oficiales'!$H$4:$H$567,'PPT Regional'!G$4) -> 0 | H27: =COUNTIFS('Bajas Oficiales'!$D$4:$D$567,'PPT Regional'!$B27,'Bajas Oficiales'!$H$4:$H$567,'PPT Regional'!H$4) -> 0 | J27: =COUNTIFS(Base!#REF!,'PPT Regional'!J$4,Base!#REF!,'PPT Regional'!$B27) -> #REF! | K27: =COUNTIFS(Base!#REF!,'PPT Regional'!K$4,Base!#REF!,'PPT Regional'!$B27) -> #REF! | L27: =COUNTIFS(Base!#REF!,'PPT Regional'!L$4,Base!#REF!,'PPT Regional'!$B27) -> #REF! | M27: =COUNTIFS(Base!#REF!,'PPT Regional'!M$4,Base!#REF!,'PPT Regional'!$B27) -> #REF! | N27: =SUM(J27:M27) -> #REF!
B28: Valle de Mex | C28: =COUNTIF('Bajas Oficiales'!$D$4:$D$567,'PPT Regional'!B28) -> 34 | D28: =COUNTIFS('Bajas Oficiales'!$D$4:$D$567,'PPT Regional'!$B28,'Bajas Oficiales'!$H$4:$H$567,'PPT Regional'!D$4) -> 4 | E28: =COUNTIFS('Bajas Oficiales'!$D$4:$D$567,'PPT Regional'!$B28,'Bajas Oficiales'!$H$4:$H$567,'PPT Regional'!E$4) -> 0 | F28: =COUNTIFS('Bajas Oficiales'!$D$4:$D$567,'PPT Regional'!$B28,'Bajas Oficiales'!$H$4:$H$567,'PPT Regional'!F$4) -> 30 | G28: =COUNTIFS('Bajas Oficiales'!$D$4:$D$567,'PPT Regional'!$B28,'Bajas Oficiales'!$H$4:$H$567,'PPT Regional'!G$4) -> 0 | H28: =COUNTIFS('Bajas Oficiales'!$D$4:$D$567,'PPT Regional'!$B28,'Bajas Oficiales'!$H$4:$H$567,'PPT Regional'!H$4) -> 0 | J28: =COUNTIFS(Base!#REF!,'PPT Regional'!J$4,Base!#REF!,'PPT Regional'!$B28) -> #REF! | K28: =COUNTIFS(Base!#REF!,'PPT Regional'!K$4,Base!#REF!,'PPT Regional'!$B28) -> #REF! | L28: =COUNTIFS(Base!#REF!,'PPT Regional'!L$4,Base!#REF!,'PPT Regional'!$B28) -> #REF! | M28: =COUNTIFS(Base!#REF!,'PPT Regional'!M$4,Base!#REF!,'PPT Regional'!$B28) -> #REF! | N28: =SUM(J28:M28) -> #REF!
B29: SE | C29: =COUNTIF('Bajas Oficiales'!$C$4:$C$567,'PPT Regional'!B29) -> 0 | D29: =COUNTIFS('Bajas Oficiales'!$C$4:$C$567,B29,'Bajas Oficiales'!$H$4:$H$567,'PPT Regional'!D$4) -> 0 | E29: =COUNTIFS('Bajas Oficiales'!$C$4:$C$567,$B29,'Bajas Oficiales'!$H$4:$H$567,'PPT Regional'!E$4) -> 0 | F29: =COUNTIFS('Bajas Oficiales'!$C$4:$C$567,$B29,'Bajas Oficiales'!$H$4:$H$567,'PPT Regional'!F$4) -> 0 | G29: =COUNTIFS('Bajas Oficiales'!$C$4:$C$567,$B29,'Bajas Oficiales'!$H$4:$H$567,'PPT Regional'!G$4) -> 0 | H29: =COUNTIFS('Bajas Oficiales'!$C$4:$C$567,$B29,'Bajas Oficiales'!$H$4:$H$567,'PPT Regional'!H$4) -> 0 | J29: =COUNTIFS(Base!#REF!,$B29,Base!#REF!,'PPT Regional'!J$4) -> #REF! | K29: =COUNTIFS(Base!#REF!,$B29,Base!#REF!,'PPT Regional'!K$4) -> #REF! | L29: =COUNTIFS(Base!#REF!,$B29,Base!#REF!,'PPT Regional'!L$4) -> #REF! | M29: =COUNTIFS(Base!#REF!,$B29,Base!#REF!,'PPT Regional'!M$4) -> #REF! | N29: =SUM(J29:M29) -> #REF!
B30: Quintana Roo | C30: =COUNTIF('Bajas Oficiales'!$D$4:$D$567,'PPT Regional'!B30) -> 37 | D30: =COUNTIFS('Bajas Oficiales'!$D$4:$D$567,'PPT Regional'!$B30,'Bajas Oficiales'!$H$4:$H$567,'PPT Regional'!D$4) -> 23 | E30: =COUNTIFS('Bajas Oficiales'!$D$4:$D$567,'PPT Regional'!$B30,'Bajas Oficiales'!$H$4:$H$567,'PPT Regional'!E$4) -> 0 | F30: =COUNTIFS('Bajas Oficiales'!$D$4:$D$567,'PPT Regional'!$B30,'Bajas Oficiales'!$H$4:$H$567,'PPT Regional'!F$4) -> 14 | G30: =COUNTIFS('Bajas Oficiales'!$D$4:$D$567,'PPT Regional'!$B30,'Bajas Oficiales'!$H$4:$H$567,'PPT Regional'!G$4) -> 0 | H30: =COUNTIFS('Bajas Oficiales'!$D$4:$D$567,'PPT Regional'!$B30,'Bajas Oficiales'!$H$4:$H$567,'PPT Regional'!H$4) -> 0 | J30: =COUNTIFS(Base!#REF!,'PPT Regional'!J$4,Base!#REF!,'PPT Regional'!$B30) -> #REF! | K30: =COUNTIFS(Base!#REF!,'PPT Regional'!K$4,Base!#REF!,'PPT Regional'!$B30) -> #REF! | L30: =COUNTIFS(Base!#REF!,'PPT Regional'!L$4,Base!#REF!,'PPT Regional'!$B30) -> #REF! | M30: =COUNTIFS(Base!#REF!,'PPT Regional'!M$4,Base!#REF!,'PPT Regional'!$B30) -> #REF! | N30: =SUM(J30:M30) -> #REF!
B31: Tabasco - Ver Sur | C31: =COUNTIF('Bajas Oficiales'!$D$4:$D$567,'PPT Regional'!B31) -> 65 | D31: =COUNTIFS('Bajas Oficiales'!$D$4:$D$567,'PPT Regional'!$B31,'Bajas Oficiales'!$H$4:$H$567,'PPT Regional'!D$4) -> 51 | E31: =COUNTIFS('Bajas Oficiales'!$D$4:$D$567,'PPT Regional'!$B31,'Bajas Oficiales'!$H$4:$H$567,'PPT Regional'!E$4) -> 0 | F31: =COUNTIFS('Bajas Oficiales'!$D$4:$D$567,'PPT Regional'!$B31,'Bajas Oficiales'!$H$4:$H$567,'PPT Regional'!F$4) -> 14 | G31: =COUNTIFS('Bajas Oficiales'!$D$4:$D$567,'PPT Regional'!$B31,'Bajas Oficiales'!$H$4:$H$567,'PPT Regional'!G$4) -> 0 | H31: =COUNTIFS('Bajas Oficiales'!$D$4:$D$567,'PPT Regional'!$B31,'Bajas Oficiales'!$H$4:$H$567,'PPT Regional'!H$4) -> 0 | J31: =COUNTIFS(Base!#REF!,'PPT Regional'!J$4,Base!#REF!,'PPT Regional'!$B31) -> #REF! | K31: =COUNTIFS(Base!#REF!,'PPT Regional'!K$4,Base!#REF!,'PPT Regional'!$B31) -> #REF! | L31: =COUNTIFS(Base!#REF!,'PPT Regional'!L$4,Base!#REF!,'PPT Regional'!$B31) -> #REF! | M31: =COUNTIFS(Base!#REF!,'PPT Regional'!M$4,Base!#REF!,'PPT Regional'!$B31) -> #REF! | N31: =SUM(J31:M31) -> #REF!
B32: Veracruz Cto | C32: =COUNTIF('Bajas Oficiales'!$D$4:$D$567,'PPT Regional'!B32) -> 7 | D32: =COUNTIFS('Bajas Oficiales'!$D$4:$D$567,'PPT Regional'!$B32,'Bajas Oficiales'!$H$4:$H$567,'PPT Regional'!D$4) -> 3 | E32: =COUNTIFS('Bajas Oficiales'!$D$4:$D$567,'PPT Regional'!$B32,'Bajas Oficiales'!$H$4:$H$567,'PPT Regional'!E$4) -> 0 | F32: =COUNTIFS('Bajas Oficiales'!$D$4:$D$567,'PPT Regional'!$B32,'Bajas Oficiales'!$H$4:$H$567,'PPT Regional'!F$4) -> 4 | G32: =COUNTIFS('Bajas Oficiales'!$D$4:$D$567,'PPT Regional'!$B32,'Bajas Oficiales'!$H$4:$H$567,'PPT Regional'!G$4) -> 0 | H32: =COUNTIFS('Bajas Oficiales'!$D$4:$D$567,'PPT Regional'!$B32,'Bajas Oficiales'!$H$4:$H$567,'PPT Regional'!H$4) -> 0 | J32: =COUNTIFS(Base!#REF!,'PPT Regional'!J$4,Base!#REF!,'PPT Regional'!$B32) -> #REF! | K32: =COUNTIFS(Base!#REF!,'PPT Regional'!K$4,Base!#REF!,'PPT Regional'!$B32) -> #REF! | L32: =COUNTIFS(Base!#REF!,'PPT Regional'!L$4,Base!#REF!,'PPT Regional'!$B32) -> #REF! | M32: =COUNTIFS(Base!#REF!,'PPT Regional'!M$4,Base!#REF!,'PPT Regional'!$B32) -> #REF! | N32: =SUM(J32:M32) -> #REF!
B33: Oaxaca | C33: =COUNTIF('Bajas Oficiales'!$D$4:$D$567,'PPT Regional'!B33) -> 22 | D33: =COUNTIFS('Bajas Oficiales'!$D$4:$D$567,'PPT Regional'!$B33,'Bajas Oficiales'!$H$4:$H$567,'PPT Regional'!D$4) -> 15 | E33: =COUNTIFS('Bajas Oficiales'!$D$4:$D$567,'PPT Regional'!$B33,'Bajas Oficiales'!$H$4:$H$567,'PPT Regional'!E$4) -> 0 | F33: =COUNTIFS('Bajas Oficiales'!$D$4:$D$567,'PPT Regional'!$B33,'Bajas Oficiales'!$H$4:$H$567,'PPT Regional'!F$4) -> 7 | G33: =COUNTIFS('Bajas Oficiales'!$D$4:$D$567,'PPT Regional'!$B33,'Bajas Oficiales'!$H$4:$H$567,'PPT Regional'!G$4) -> 0 | H33: =COUNTIFS('Bajas Oficiales'!$D$4:$D$567,'PPT Regional'!$B33,'Bajas Oficiales'!$H$4:$H$567,'PPT Regional'!H$4) -> 0 | J33: =COUNTIFS(Base!#REF!,'PPT Regional'!J$4,Base!#REF!,'PPT Regional'!$B33) -> #REF! | K33: =COUNTIFS(Base!#REF!,'PPT Regional'!K$4,Base!#REF!,'PPT Regional'!$B33) -> #REF! | L33: =COUNTIFS(Base!#REF!,'PPT Regional'!L$4,Base!#REF!,'PPT Regional'!$B33) -> #REF! | M33: =COUNTIFS(Base!#REF!,'PPT Regional'!M$4,Base!#REF!,'PPT Regional'!$B33) -> #REF! | N33: =SUM(J33:M33) -> #REF!
B34: YuCam | C34: =COUNTIF('Bajas Oficiales'!$D$4:$D$567,'PPT Regional'!B34) -> 52 | D34: =COUNTIFS('Bajas Oficiales'!$D$4:$D$567,'PPT Regional'!$B34,'Bajas Oficiales'!$H$4:$H$567,'PPT Regional'!D$4) -> 37 | E34: =COUNTIFS('Bajas Oficiales'!$D$4:$D$567,'PPT Regional'!$B34,'Bajas Oficiales'!$H$4:$H$567,'PPT Regional'!E$4) -> 0 | F34: =COUNTIFS('Bajas Oficiales'!$D$4:$D$567,'PPT Regional'!$B34,'Bajas Oficiales'!$H$4:$H$567,'PPT Regional'!F$4) -> 15 | G34: =COUNTIFS('Bajas Oficiales'!$D$4:$D$567,'PPT Regional'!$B34,'Bajas Oficiales'!$H$4:$H$567,'PPT Regional'!G$4) -> 0 | H34: =COUNTIFS('Bajas Oficiales'!$D$4:$D$567,'PPT Regional'!$B34,'Bajas Oficiales'!$H$4:$H$567,'PPT Regional'!H$4) -> 0 | J34: =COUNTIFS(Base!#REF!,'PPT Regional'!J$4,Base!#REF!,'PPT Regional'!$B34) -> #REF! | K34: =COUNTIFS(Base!#REF!,'PPT Regional'!K$4,Base!#REF!,'PPT Regional'!$B34) -> #REF! | L34: =COUNTIFS(Base!#REF!,'PPT Regional'!L$4,Base!#REF!,'PPT Regional'!$B34) -> #REF! | M34: =COUNTIFS(Base!#REF!,'PPT Regional'!M$4,Base!#REF!,'PPT Regional'!$B34) -> #REF! | N34: =SUM(J34:M34) -> #REF!
B35: SIX | C35: =+C29+C23+C18+C12+C5 -> 0 | D35: =+D29+D23+D18+D12+D5 -> 0 | E35: =+E29+E23+E18+E12+E5 -> 0 | F35: =+F29+F23+F18+F12+F5 -> 0 | G35: =+G29+G23+G18+G12+G5 -> 0 | H35: =+H29+H23+H18+H12+H5 -> 0 | J35: =+J29+J23+J18+J12+J5 -> #REF! | K35: =+K29+K23+K18+K12+K5 -> #REF! | L35: =+L29+L23+L18+L12+L5 -> #REF! | M35: =+M29+M23+M18+M12+M5 -> #REF! | N35: =SUM(J35:M35) -> #REF!
D38: H de "Bajas ofic" | J38: Rango de Base columna C,D y H
B39: Region | C39: AP | D39: Real | E39: ∆ | F39: % AP | J39: In Process | K39: ∆ vs AP
B40: NW | C40: =COUNTIF(Plan!$F$3:$F$147,'PPT Regional'!B40) -> 43 | D40: =COUNTIFS('Bajas Oficiales'!$C$4:$C$567,'PPT Regional'!B40,'Bajas Oficiales'!$H$4:$H$567,"Plan") -> 0 | E40: =+C40-D40 -> 43 | F40: =+IFERROR(D40/C40,0) -> 0 | J40: =COUNTIFS(Base!#REF!,'PPT Regional'!B40,Base!#REF!,"Plan") -> #REF! | K40: =+C40-D40-J40 -> #REF!
B41: Baja California Nte | C41: =COUNTIF(Plan!$G$3:$G$147,'PPT Regional'!B41) -> 9 | D41: =COUNTIFS('Bajas Oficiales'!$D$4:$D$567,B41,'Bajas Oficiales'!$H$4:$H$567,"Plan") -> 13 | E41: =+C41-D41 -> -4 | F41: =+IFERROR(D41/C41,0) -> 1.4444444 | J41: =COUNTIFS(Base!#REF!,'PPT Regional'!B41,Base!#REF!,"Plan") -> #REF! | K41: =+C41-D41-J41 -> #REF!
B42: Baja California Sur | C42: =COUNTIF(Plan!$G$3:$G$147,'PPT Regional'!B42) -> 5 | D42: =COUNTIFS('Bajas Oficiales'!$D$4:$D$567,B42,'Bajas Oficiales'!$H$4:$H$567,"Plan") -> 6 | E42: =+C42-D42 -> -1 | F42: =+IFERROR(D42/C42,0) -> 1.2 | J42: =COUNTIFS(Base!#REF!,'PPT Regional'!B42,Base!#REF!,"Plan") -> #REF! | K42: =+C42-D42-J42 -> #REF!
B43: Chihuahua | C43: =COUNTIF(Plan!$G$3:$G$147,'PPT Regional'!B43) -> 8 | D43: =COUNTIFS('Bajas Oficiales'!$D$4:$D$567,B43,'Bajas Oficiales'!$H$4:$H$567,"Plan") -> 15 | E43: =+C43-D43 -> -7 | F43: =+IFERROR(D43/C43,0) -> 1.875 | J43: =COUNTIFS(Base!#REF!,'PPT Regional'!B43,Base!#REF!,"Plan") -> #REF! | K43: =+C43-D43-J43 -> #REF!
B44: Juárez | C44: =COUNTIF(Plan!$G$3:$G$147,'PPT Regional'!B44) -> 4 | D44: =COUNTIFS('Bajas Oficiales'!$D$4:$D$567,B44,'Bajas Oficiales'!$H$4:$H$567,"Plan") -> 5 | E44: =+C44-D44 -> -1 | F44: =+IFERROR(D44/C44,0) -> 1.25 | J44: =COUNTIFS(Base!#REF!,'PPT Regional'!B44,Base!#REF!,"Plan") -> #REF! | K44: =+C44-D44-J44 -> #REF!
B45: Sinaloa | C45: =COUNTIF(Plan!$G$3:$G$147,'PPT Regional'!B45) -> 16 | D45: =COUNTIFS('Bajas Oficiales'!$D$4:$D$567,B45,'Bajas Oficiales'!$H$4:$H$567,"Plan") -> 31 | E45: =+C45-D45 -> -15 | F45: =+IFERROR(D45/C45,0) -> 1.9375 | J45: =COUNTIFS(Base!#REF!,'PPT Regional'!B45,Base!#REF!,"Plan") -> #REF! | K45: =+C45-D45-J45 -> #REF!
B46: Sonora | C46: =COUNTIF(Plan!$G$3:$G$147,'PPT Regional'!B46) -> 1 | D46: =COUNTIFS('Bajas Oficiales'!$D$4:$D$567,B46,'Bajas Oficiales'!$H$4:$H$567,"Plan") -> 14 | E46: =+C46-D46 -> -13 | F46: =+IFERROR(D46/C46,0) -> 14 | J46: =COUNTIFS(Base!#REF!,'PPT Regional'!B46,Base!#REF!,"Plan") -> #REF! | K46: =+C46-D46-J46 -> #REF!
B47: NE | C47: =COUNTIF(Plan!$F$3:$F$147,'PPT Regional'!B47) -> 40 | D47: =COUNTIFS('Bajas Oficiales'!$C$4:$C$567,'PPT Regional'!B47,'Bajas Oficiales'!$H$4:$H$567,"Plan") -> 0 | E47: =+C47-D47 -> 40 | F47: =+IFERROR(D47/C47,0) -> 0 | J47: =COUNTIFS(Base!#REF!,'PPT Regional'!B47,Base!#REF!,"Plan") -> #REF! | K47: =+C47-D47-J47 -> #REF!
B48: Coahuila | C48: =COUNTIF(Plan!$G$3:$G$147,'PPT Regional'!B48) -> 10 | D48: =COUNTIFS('Bajas Oficiales'!$D$4:$D$567,B48,'Bajas Oficiales'!$H$4:$H$567,"Plan") -> 29 | E48: =+C48-D48 -> -19 | F48: =+IFERROR(D48/C48,0) -> 2.9 | J48: =COUNTIFS(Base!#REF!,'PPT Regional'!B48,Base!#REF!,"Plan") -> #REF! | K48: =+C48-D48-J48 -> #REF!
B49: Durango | C49: =COUNTIF(Plan!$G$3:$G$147,'PPT Regional'!B49) -> 0 | D49: =COUNTIFS('Bajas Oficiales'!$D$4:$D$567,B49,'Bajas Oficiales'!$H$4:$H$567,"Plan") -> 3 | E49: =+C49-D49 -> -3 | F49: =+IFERROR(D49/C49,0) -> 0 | J49: =COUNTIFS(Base!#REF!,'PPT Regional'!B49,Base!#REF!,"Plan") -> #REF! | K49: =+C49-D49-J49 -> #REF!
B50: Nuevo León | C50: =COUNTIF(Plan!$G$3:$G$147,'PPT Regional'!B50) -> 26 | D50: =COUNTIFS('Bajas Oficiales'!$D$4:$D$567,B50,'Bajas Oficiales'!$H$4:$H$567,"Plan") -> 70 | E50: =+C50-D50 -> -44 | F50: =+IFERROR(D50/C50,0) -> 2.6923077 | J50: =COUNTIFS(Base!#REF!,'PPT Regional'!B50,Base!#REF!,"Plan") -> #REF! | K50: =+C50-D50-J50 -> #REF!
B51: Tamaulipas Nte | C51: =COUNTIF(Plan!$G$3:$G$147,'PPT Regional'!B51) -> 0 | D51: =COUNTIFS('Bajas Oficiales'!$D$4:$D$567,B51,'Bajas Oficiales'!$H$4:$H$567,"Plan") -> 8 | E51: =+C51-D51 -> -8 | F51: =+IFERROR(D51/C51,0) -> 0 | J51: =COUNTIFS(Base!#REF!,'PPT Regional'!B51,Base!#REF!,"Plan") -> #REF! | K51: =+C51-D51-J51 -> #REF!
B52: Tamps Sur/Ver Nte | C52: =COUNTIF(Plan!$G$3:$G$147,'PPT Regional'!B52) -> 4 | D52: =COUNTIFS('Bajas Oficiales'!$D$4:$D$567,B52,'Bajas Oficiales'!$H$4:$H$567,"Plan") -> 7 | E52: =+C52-D52 -> -3 | F52: =+IFERROR(D52/C52,0) -> 1.75 | J52: =COUNTIFS(Base!#REF!,'PPT Regional'!B52,Base!#REF!,"Plan") -> #REF! | K52: =+C52-D52-J52 -> #REF!
B53: WE | C53: =COUNTIF(Plan!$F$3:$F$147,'PPT Regional'!B53) -> 13 | D53: =COUNTIFS('Bajas Oficiales'!$C$4:$C$567,'PPT Regional'!B53,'Bajas Oficiales'!$H$4:$H$567,"Plan") -> 0 | E53: =+C53-D53 -> 13 | F53: =+IFERROR(D53/C53,0) -> 0 | J53: =COUNTIFS(Base!#REF!,'PPT Regional'!B53,Base!#REF!,"Plan") -> #REF! | K53: =+C53-D53-J53 -> #REF!
B54: Ags-Zac-SLP | C54: =COUNTIF(Plan!$G$3:$G$147,'PPT Regional'!B54) -> 4 | D54: =COUNTIFS('Bajas Oficiales'!$D$4:$D$567,B54,'Bajas Oficiales'!$H$4:$H$567,"Plan") -> 9 | E54: =+C54-D54 -> -5 | F54: =+IFERROR(D54/C54,0) -> 2.25 | J54: =COUNTIFS(Base!#REF!,'PPT Regional'!B54,Base!#REF!,"Plan") -> #REF! | K54: =+C54-D54-J54 -> #REF!
B55: Guanajuato - Querétaro | C55: =COUNTIF(Plan!$G$3:$G$147,'PPT Regional'!B55) -> 4 | D55: =COUNTIFS('Bajas Oficiales'!$D$4:$D$567,B55,'Bajas Oficiales'!$H$4:$H$567,"Plan") -> 2 | E55: =+C55-D55 -> 2 | F55: =+IFERROR(D55/C55,0) -> 0.5 | J55: =COUNTIFS(Base!#REF!,'PPT Regional'!B55,Base!#REF!,"Plan") -> #REF! | K55: =+C55-D55-J55 -> #REF!
B56: Jal - Col - Nay | C56: =COUNTIF(Plan!$G$3:$G$147,'PPT Regional'!B56) -> 5 | D56: =COUNTIFS('Bajas Oficiales'!$D$4:$D$567,B56,'Bajas Oficiales'!$H$4:$H$567,"Plan") -> 7 | E56: =+C56-D56 -> -2 | F56: =+IFERROR(D56/C56,0) -> 1.4 | J56: =COUNTIFS(Base!#REF!,'PPT Regional'!B56,Base!#REF!,"Plan") -> #REF! | K56: =+C56-D56-J56 -> #REF!
B57: Michoacán | C57: =COUNTIF(Plan!$G$3:$G$147,'PPT Regional'!B57) -> 0 | D57: =COUNTIFS('Bajas Oficiales'!$D$4:$D$567,B57,'Bajas Oficiales'!$H$4:$H$567,"Plan") -> 3 | E57: =+C57-D57 -> -3 | F57: =+IFERROR(D57/C57,0) -> 0 | J57: =COUNTIFS(Base!#REF!,'PPT Regional'!B57,Base!#REF!,"Plan") -> #REF! | K57: =+C57-D57-J57 -> #REF!
B58: CE | C58: =COUNTIF(Plan!$F$3:$F$147,'PPT Regional'!B58) -> 10 | D58: =COUNTIFS('Bajas Oficiales'!$C$4:$C$567,'PPT Regional'!B58,'Bajas Oficiales'!$H$4:$H$567,"Plan") -> 0 | E58: =+C58-D58 -> 10 | F58: =+IFERROR(D58/C58,0) -> 0 | J58: =COUNTIFS(Base!#REF!,'PPT Regional'!B58,Base!#REF!,"Plan") -> #REF! | K58: =+C58-D58-J58 -> #REF!
B59: Estado de México | C59: =COUNTIF(Plan!$G$3:$G$147,'PPT Regional'!B59) -> 3 | D59: =COUNTIFS('Bajas Oficiales'!$D$4:$D$567,B59,'Bajas Oficiales'!$H$4:$H$567,"Plan") -> 0 | E59: =+C59-D59 -> 3 | F59: =+IFERROR(D59/C59,0) -> 0 | J59: =COUNTIFS(Base!#REF!,'PPT Regional'!B59,Base!#REF!,"Plan") -> #REF! | K59: =+C59-D59-J59 -> #REF!
B60: Hidalgo | C60: =COUNTIF(Plan!$G$3:$G$147,'PPT Regional'!B60) -> 1 | D60: =COUNTIFS('Bajas Oficiales'!$D$4:$D$567,B60,'Bajas Oficiales'!$H$4:$H$567,"Plan") -> 2 | E60: =+C60-D60 -> -1 | F60: =+IFERROR(D60/C60,0) -> 2 | J60: =COUNTIFS(Base!#REF!,'PPT Regional'!B60,Base!#REF!,"Plan") -> #REF! | K60: =+C60-D60-J60 -> #REF!
B61: Guerrero - Morelos | C61: =COUNTIF(Plan!$G$3:$G$147,'PPT Regional'!B61) -> 0 | D61: =COUNTIFS('Bajas Oficiales'!$D$4:$D$567,B61,'Bajas Oficiales'!$H$4:$H$567,"Plan") -> 6 | E61: =+C61-D61 -> -6 | F61: =+IFERROR(D61/C61,0) -> 0 | J61: =COUNTIFS(Base!#REF!,'PPT Regional'!B61,Base!#REF!,"Plan") -> #REF! | K61: =+C61-D61-J61 -> #REF!
B62: Puebla - Tlaxcala | C62: =COUNTIF(Plan!$G$3:$G$147,'PPT Regional'!B62) -> 3 | D62: =COUNTIFS('Bajas Oficiales'!$D$4:$D$567,B62,'Bajas Oficiales'!$H$4:$H$567,"Plan") -> 3 | E62: =+C62-D62 -> 0 | F62: =+IFERROR(D62/C62,0) -> 1 | J62: =COUNTIFS(Base!#REF!,'PPT Regional'!B62,Base!#REF!,"Plan") -> #REF! | K62: =+C62-D62-J62 -> #REF!
B63: Valle de Mex | C63: =COUNTIF(Plan!$G$3:$G$147,'PPT Regional'!B63) -> 3 | D63: =COUNTIFS('Bajas Oficiales'!$D$4:$D$567,B63,'Bajas Oficiales'!$H$4:$H$567,"Plan") -> 4 | E63: =+C63-D63 -> -1 | F63: =+IFERROR(D63/C63,0) -> 1.3333333 | J63: =COUNTIFS(Base!#REF!,'PPT Regional'!B63,Base!#REF!,"Plan") -> #REF! | K63: =+C63-D63-J63 -> #REF!
B64: SE | C64: =COUNTIF(Plan!$F$3:$F$147,'PPT Regional'!B64) -> 35 | D64: =COUNTIFS('Bajas Oficiales'!$C$4:$C$567,'PPT Regional'!B64,'Bajas Oficiales'!$H$4:$H$567,"Plan") -> 0 | E64: =+C64-D64 -> 35 | F64: =+IFERROR(D64/C64,0) -> 0 | J64: =COUNTIFS(Base!#REF!,'PPT Regional'!B64,Base!#REF!,"Plan") -> #REF! | K64: =+C64-D64-J64 -> #REF!
B65: Quintana Roo | C65: =COUNTIF(Plan!$G$3:$G$147,'PPT Regional'!B65) -> 1 | D65: =COUNTIFS('Bajas Oficiales'!$D$4:$D$567,B65,'Bajas Oficiales'!$H$4:$H$567,"Plan") -> 23 | E65: =+C65-D65 -> -22 | F65: =+IFERROR(D65/C65,0) -> 23 | J65: =COUNTIFS(Base!#REF!,'PPT Regional'!B65,Base!#REF!,"Plan") -> #REF! | K65: =+C65-D65-J65 -> #REF!
B66: Tabasco - Ver Sur | C66: =COUNTIF(Plan!$G$3:$G$147,'PPT Regional'!B66) -> 26 | D66: =COUNTIFS('Bajas Oficiales'!$D$4:$D$567,B66,'Bajas Oficiales'!$H$4:$H$567,"Plan") -> 51 | E66: =+C66-D66 -> -25 | F66: =+IFERROR(D66/C66,0) -> 1.9615385 | J66: =COUNTIFS(Base!#REF!,'PPT Regional'!B66,Base!#REF!,"Plan") -> #REF! | K66: =+C66-D66-J66 -> #REF!
B67: Veracruz Cto | C67: =COUNTIF(Plan!$G$3:$G$147,'PPT Regional'!B67) -> 2 | D67: =COUNTIFS('Bajas Oficiales'!$D$4:$D$567,B67,'Bajas Oficiales'!$H$4:$H$567,"Plan") -> 3 | E67: =+C67-D67 -> -1 | F67: =+IFERROR(D67/C67,0) -> 1.5 | J67: =COUNTIFS(Base!#REF!,'PPT Regional'!B67,Base!#REF!,"Plan") -> #REF! | K67: =+C67-D67-J67 -> #REF!
B68: Oaxaca | C68: =COUNTIF(Plan!$G$3:$G$147,'PPT Regional'!B68) -> 2 | D68: =COUNTIFS('Bajas Oficiales'!$D$4:$D$567,B68,'Bajas Oficiales'!$H$4:$H$567,"Plan") -> 15 | E68: =+C68-D68 -> -13 | F68: =+IFERROR(D68/C68,0) -> 7.5 | J68: =COUNTIFS(Base!#REF!,'PPT Regional'!B68,Base!#REF!,"Plan") -> #REF! | K68: =+C68-D68-J68 -> #REF!
B69: YuCam | C69: =COUNTIF(Plan!$G$3:$G$147,'PPT Regional'!B69) -> 4 | D69: =COUNTIFS('Bajas Oficiales'!$D$4:$D$567,B69,'Bajas Oficiales'!$H$4:$H$567,"Plan") -> 37 | E69: =+C69-D69 -> -33 | F69: =+IFERROR(D69/C69,0) -> 9.25 | J69: =COUNTIFS(Base!#REF!,'PPT Regional'!B69,Base!#REF!,"Plan") -> #REF! | K69: =+C69-D69-J69 -> #REF!
B70: SIX | C70: =+C64+C58+C53+C47+C40 -> 141 | D70: =+D64+D58+D53+D47+D40 -> 0 | E70: =+C70-D70 -> 141 | F70: =+IFERROR(D70/C70,0) -> 0 | J70: =+J64+J58+J53+J47+J40 -> #REF! | K70: =+C70-D70-J70 -> #REF!

Sheet PPT Regional (2)
O1: C= Región | P1: H=Tipo cierre
B2: Closures SIX 2024 | E2: Rango "Bajas Oficiales" columna C,D y H | J2: Rango "Base" columna C y H y D | O2: D=Gz
C3: Closed | D3: Reason of Closures | J3: Other reason above AP in Process
B4: Region | D4: Plan | E4: Region Plan | F4: Natural | G4: Legal | H4: Insecurity | J4: Natural | K4: Region Plan | L4: Legal | M4: Insecurity | N4: Total
B5: NW | C5: =COUNTIF('Bajas Oficiales'!$C$4:$C$1135,'PPT Regional (2)'!B5) -> 0 | D5: =COUNTIFS('Bajas Oficiales'!$C$4:$C$1135,B$5,'Bajas Oficiales'!$H$4:$H$1135,'PPT Regional (2)'!D$4) -> 0 | E5: =COUNTIFS('Bajas Oficiales'!$C$4:$C$1135,$B5,'Bajas Oficiales'!$H$4:$H$1135,'PPT Regional (2)'!E$4) -> 0 | F5: =COUNTIFS('Bajas Oficiales'!$C$4:$C$1135,$B5,'Bajas Oficiales'!$H$4:$H$1135,'PPT Regional (2)'!F$4) -> 0 | G5: =COUNTIFS('Bajas Oficiales'!$C$4:$C$1135,$B5,'Bajas Oficiales'!$H$4:$H$1135,'PPT Regional (2)'!G$4) -> 0 | H5: =COUNTIFS('Bajas Oficiales'!$C$4:$C$1135,$B5,'Bajas Oficiales'!$H$4:$H$1135,'PPT Regional (2)'!H$4) -> 0 | J5: =COUNTIFS(Base!C:C,$B5,Base!H:H,'PPT Regional (2)'!J$4) -> 13 | K5: =COUNTIFS(Base!D:D,$B5,Base!#REF!,'PPT Regional (2)'!K$4) -> #REF! | L5: =COUNTIFS(Base!E:E,$B5,Base!#REF!,'PPT Regional (2)'!L$4) -> #REF! | M5: =COUNTIFS(Base!F:F,$B5,Base!#REF!,'PPT Regional (2)'!M$4) -> #REF! | N5: =SUM(J5:M5) -> #REF!
B6: Baja California Nte | C6: =COUNTIF('Bajas Oficiales'!$D$4:$D$1135,'PPT Regional (2)'!B6) -> 29 | D6: =COUNTIFS('Bajas Oficiales'!$D$4:$D$1135,'PPT Regional (2)'!$B6,'Bajas Oficiales'!$H$4:$H$1135,'PPT Regional (2)'!D$4) -> 25 | E6: =COUNTIFS('Bajas Oficiales'!$D$4:$D$1135,'PPT Regional (2)'!$B6,'Bajas Oficiales'!$H$4:$H$1135,'PPT Regional (2)'!E$4) -> 0 | F6: =COUNTIFS('Bajas Oficiales'!$D$4:$D$1135,'PPT Regional (2)'!$B6,'Bajas Oficiales'!$H$4:$H$1135,'PPT Regional (2)'!F$4) -> 4 | G6: =COUNTIFS('Bajas Oficiales'!$D$4:$D$1135,'PPT Regional (2)'!$B6,'Bajas Oficiales'!$H$4:$H$1135,'PPT Regional (2)'!G$4) -> 0 | H6: =COUNTIFS('Bajas Oficiales'!$D$4:$D$1135,'PPT Regional (2)'!$B6,'Bajas Oficiales'!$H$4:$H$1135,'PPT Regional (2)'!H$4) -> 0 | J6: =COUNTIFS(Base!H:H,'PPT Regional (2)'!J$4,Base!D:D,'PPT Regional (2)'!$B6) -> 0 | K6: =COUNTIFS(Base!#REF!,'PPT Regional (2)'!K$4,Base!E:E,'PPT Regional (2)'!$B6) -> #REF! | L6: =COUNTIFS(Base!#REF!,'PPT Regional (2)'!L$4,Base!F:F,'PPT Regional (2)'!$B6) -> #REF! | M6: =COUNTIFS(Base!#REF!,'PPT Regional (2)'!M$4,Base!G:G,'PPT Regional (2)'!$B6) -> #REF! | N6: =SUM(J6:M6) -> #REF!
B7: Baja California Sur | C7: =COUNTIF('Bajas Oficiales'!$D$4:$D$1135,'PPT Regional (2)'!B7) -> 23 | D7: =COUNTIFS('Bajas Oficiales'!$D$4:$D$1135,'PPT Regional (2)'!$B7,'Bajas Oficiales'!$H$4:$H$1135,'PPT Regional (2)'!D$4) -> 22 | E7: =COUNTIFS('Bajas Oficiales'!$D$4:$D$1135,'PPT Regional (2)'!$B7,'Bajas Oficiales'!$H$4:$H$1135,'PPT Regional (2)'!E$4) -> 0 | F7: =COUNTIFS('Bajas Oficiales'!$D$4:$D$1135,'PPT Regional (2)'!$B7,'Bajas Oficiales'!$H$4:$H$1135,'PPT Regional (2)'!F$4) -> 0 | G7: =COUNTIFS('Bajas Oficiales'!$D$4:$D$1135,'PPT Regional (2)'!$B7,'Bajas Oficiales'!$H$4:$H$1135,'PPT Regional (2)'!G$4) -> 0 | H7: =COUNTIFS('Bajas Oficiales'!$D$4:$D$1135,'PPT Regional (2)'!$B7,'Bajas Oficiales'!$H$4:$H$1135,'PPT Regional (2)'!H$4) -> 1 | J7: =COUNTIFS(Base!H:H,'PPT Regional (2)'!J$4,Base!D:D,'PPT Regional (2)'!$B7) -> 0 | K7: =COUNTIFS(Base!#REF!,'PPT Regional (2)'!K$4,Base!E:E,'PPT Regional (2)'!$B7) -> #REF! | L7: =COUNTIFS(Base!#REF!,'PPT Regional (2)'!L$4,Base!F:F,'PPT Regional (2)'!$B7) -> #REF! | M7: =COUNTIFS(Base!#REF!,'PPT Regional (2)'!M$4,Base!G:G,'PPT Regional (2)'!$B7) -> #REF! | N7: =SUM(J7:M7) -> #REF!
B8: Chihuahua | C8: =COUNTIF('Bajas Oficiales'!$D$4:$D$1135,'PPT Regional (2)'!B8) -> 30 | D8: =COUNTIFS('Bajas Oficiales'!$D$4:$D$1135,'PPT Regional (2)'!$B8,'Bajas Oficiales'!$H$4:$H$1135,'PPT Regional (2)'!D$4) -> 28 | E8: =COUNTIFS('Bajas Oficiales'!$D$4:$D$1135,'PPT Regional (2)'!$B8,'Bajas Oficiales'!$H$4:$H$1135,'PPT Regional (2)'!E$4) -> 0 | F8: =COUNTIFS('Bajas Oficiales'!$D$4:$D$1135,'PPT Regional (2)'!$B8,'Bajas Oficiales'!$H$4:$H$1135,'PPT Regional (2)'!F$4) -> 2 | G8: =COUNTIFS('Bajas Oficiales'!$D$4:$D$1135,'PPT Regional (2)'!$B8,'Bajas Oficiales'!$H$4:$H$1135,'PPT Regional (2)'!G$4) -> 0 | H8: =COUNTIFS('Bajas Oficiales'!$D$4:$D$1135,'PPT Regional (2)'!$B8,'Bajas Oficiales'!$H$4:$H$1135,'PPT Regional (2)'!H$4) -> 0 | J8: =COUNTIFS(Base!H:H,'PPT Regional (2)'!J$4,Base!D:D,'PPT Regional (2)'!$B8) -> 0 | K8: =COUNTIFS(Base!#REF!,'PPT Regional (2)'!K$4,Base!E:E,'PPT Regional (2)'!$B8) -> #REF! | L8: =COUNTIFS(Base!#REF!,'PPT Regional (2)'!L$4,Base!F:F,'PPT Regional (2)'!$B8) -> #REF! | M8: =COUNTIFS(Base!#REF!,'PPT Regional (2)'!M$4,Base!G:G,'PPT Regional (2)'!$B8) -> #REF! | N8: =SUM(J8:M8) -> #REF!
B9: Juárez | C9: =COUNTIF('Bajas Oficiales'!$D$4:$D$1135,'PPT Regional (2)'!B9) -> 23 | D9: =COUNTIFS('Bajas Oficiales'!$D$4:$D$1135,'PPT Regional (2)'!$B9,'Bajas Oficiales'!$H$4:$H$1135,'PPT Regional (2)'!D$4) -> 21 | E9: =COUNTIFS('Bajas Oficiales'!$D$4:$D$1135,'PPT Regional (2)'!$B9,'Bajas Oficiales'!$H$4:$H$1135,'PPT Regional (2)'!E$4) -> 0 | F9: =COUNTIFS('Bajas Oficiales'!$D$4:$D$1135,'PPT Regional (2)'!$B9,'Bajas Oficiales'!$H$4:$H$1135,'PPT Regional (2)'!F$4) -> 2 | G9: =COUNTIFS('Bajas Oficiales'!$D$4:$D$1135,'PPT Regional (2)'!$B9,'Bajas Oficiales'!$H$4:$H$1135,'PPT Regional (2)'!G$4) -> 0 | H9: =COUNTIFS('Bajas Oficiales'!$D$4:$D$1135,'PPT Regional (2)'!$B9,'Bajas Oficiales'!$H$4:$H$1135,'PPT Regional (2)'!H$4) -> 0 | J9: =COUNTIFS(Base!H:H,'PPT Regional (2)'!J$4,Base!D:D,'PPT Regional (2)'!$B9) -> 0 | K9: =COUNTIFS(Base!#REF!,'PPT Regional (2)'!K$4,Base!E:E,'PPT Regional (2)'!$B9) -> #REF! | L9: =COUNTIFS(Base!#REF!,'PPT Regional (2)'!L$4,Base!F:F,'PPT Regional (2)'!$B9) -> #REF! | M9: =COUNTIFS(Base!#REF!,'PPT Regional (2)'!M$4,Base!G:G,'PPT Regional (2)'!$B9) -> #REF! | N9: =SUM(J9:M9) -> #REF!
B10: Sinaloa | C10: =COUNTIF('Bajas Oficiales'!$D$4:$D$1135,'PPT Regional (2)'!B10) -> 85 | D10: =COUNTIFS('Bajas Oficiales'!$D$4:$D$1135,'PPT Regional (2)'!$B10,'Bajas Oficiales'!$H$4:$H$1135,'PPT Regional (2)'!D$4) -> 81 | E10: =COUNTIFS('Bajas Oficiales'!$D$4:$D$1135,'PPT Regional (2)'!$B10,'Bajas Oficiales'!$H$4:$H$1135,'PPT Regional (2)'!E$4) -> 0 | F10: =COUNTIFS('Bajas Oficiales'!$D$4:$D$1135,'PPT Regional (2)'!$B10,'Bajas Oficiales'!$H$4:$H$1135,'PPT Regional (2)'!F$4) -> 4 | G10: =COUNTIFS('Bajas Oficiales'!$D$4:$D$1135,'PPT Regional (2)'!$B10,'Bajas Oficiales'!$H$4:$H$1135,'PPT Regional (2)'!G$4) -> 0 | H10: =COUNTIFS('Bajas Oficiales'!$D$4:$D$1135,'PPT Regional (2)'!$B10,'Bajas Oficiales'!$H$4:$H$1135,'PPT Regional (2)'!H$4) -> 0 | J10: =COUNTIFS(Base!H:H,'PPT Regional (2)'!J$4,Base!D:D,'PPT Regional (2)'!$B10) -> 0 | K10: =COUNTIFS(Base!#REF!,'PPT Regional (2)'!K$4,Base!E:E,'PPT Regional (2)'!$B10) -> #REF! | L10: =COUNTIFS(Base!#REF!,'PPT Regional (2)'!L$4,Base!F:F,'PPT Regional (2)'!$B10) -> #REF! | M10: =COUNTIFS(Base!#REF!,'PPT Regional (2)'!M$4,Base!G:G,'PPT Regional (2)'!$B10) -> #REF! | N10: =SUM(J10:M10) -> #REF!
B11: Sonora | C11: =COUNTIF('Bajas Oficiales'!$D$4:$D$1135,'PPT Regional (2)'!B11) -> 42 | D11: =COUNTIFS('Bajas Oficiales'!$D$4:$D$1135,'PPT Regional (2)'!$B11,'Bajas Oficiales'!$H$4:$H$1135,'PPT Regional (2)'!D$4) -> 40 | E11: =COUNTIFS('Bajas Oficiales'!$D$4:$D$1135,'PPT Regional (2)'!$B11,'Bajas Oficiales'!$H$4:$H$1135,'PPT Regional (2)'!E$4) -> 0 | F11: =COUNTIFS('Bajas Oficiales'!$D$4:$D$1135,'PPT Regional (2)'!$B11,'Bajas Oficiales'!$H$4:$H$1135,'PPT Regional (2)'!F$4) -> 2 | G11: =COUNTIFS('Bajas Oficiales'!$D$4:$D$1135,'PPT Regional (2)'!$B11,'Bajas Oficiales'!$H$4:$H$1135,'PPT Regional (2)'!G$4) -> 0 | H11: =COUNTIFS('Bajas Oficiales'!$D$4:$D$1135,'PPT Regional (2)'!$B11,'Bajas Oficiales'!$H$4:$H$1135,'PPT Regional (2)'!H$4) -> 0 | J11: =COUNTIFS(Base!H:H,'PPT Regional (2)'!J$4,Base!D:D,'PPT Regional (2)'!$B11) -> 0 | K11: =COUNTIFS(Base!#REF!,'PPT Regional (2)'!K$4,Base!E:E,'PPT Regional (2)'!$B11) -> #REF! | L11: =COUNTIFS(Base!#REF!,'PPT Regional (2)'!L$4,Base!F:F,'PPT Regional (2)'!$B11) -> #REF! | M11: =COUNTIFS(Base!#REF!,'PPT Regional (2)'!M$4,Base!G:G,'PPT Regional (2)'!$B11) -> #REF! | N11: =SUM(J11:M11) -> #REF!
B12: NE | C12: =COUNTIF('Bajas Oficiales'!$C$4:$C$1135,'PPT Regional (2)'!B12) -> 0 | D12: =COUNTIFS('Bajas Oficiales'!$C$4:$C$1135,B12,'Bajas Oficiales'!$H$4:$H$1135,'PPT Regional (2)'!D$4) -> 0 | E12: =COUNTIFS('Bajas Oficiales'!$C$4:$C$1135,$B12,'Bajas Oficiales'!$H$4:$H$1135,'PPT Regional (2)'!E$4) -> 0 | F12: =COUNTIFS('Bajas Oficiales'!$C$4:$C$1135,$B12,'Bajas Oficiales'!$H$4:$H$1135,'PPT Regional (2)'!F$4) -> 0 | G12: =COUNTIFS('Bajas Oficiales'!$C$4:$C$1135,$B12,'Bajas Oficiales'!$H$4:$H$1135,'PPT Regional (2)'!G$4) -> 0 | H12: =COUNTIFS('Bajas Oficiales'!$C$4:$C$1135,$B12,'Bajas Oficiales'!$H$4:$H$1135,'PPT Regional (2)'!H$4) -> 0 | J12: =COUNTIFS(Base!C:C,$B12,Base!H:H,'PPT Regional (2)'!J$4) -> 23 | K12: =COUNTIFS(Base!D:D,$B12,Base!#REF!,'PPT Regional (2)'!K$4) -> #REF! | L12: =COUNTIFS(Base!E:E,$B12,Base!#REF!,'PPT Regional (2)'!L$4) -> #REF! | M12: =COUNTIFS(Base!F:F,$B12,Base!#REF!,'PPT Regional (2)'!M$4) -> #REF! | N12: =SUM(J12:M12) -> #REF!
B13: Coahuila | C13: =COUNTIF('Bajas Oficiales'!$D$4:$D$1135,'PPT Regional (2)'!B13) -> 78 | D13: =COUNTIFS('Bajas Oficiales'!$D$4:$D$1135,'PPT Regional (2)'!$B13,'Bajas Oficiales'!$H$4:$H$1135,'PPT Regional (2)'!D$4) -> 63 | E13: =COUNTIFS('Bajas Oficiales'!$D$4:$D$1135,'PPT Regional (2)'!$B13,'Bajas Oficiales'!$H$4:$H$1135,'PPT Regional (2)'!E$4) -> 4 | F13: =COUNTIFS('Bajas Oficiales'!$D$4:$D$1135,'PPT Regional (2)'!$B13,'Bajas Oficiales'!$H$4:$H$1135,'PPT Regional (2)'!F$4) -> 2 | G13: =COUNTIFS('Bajas Oficiales'!$D$4:$D$1135,'PPT Regional (2)'!$B13,'Bajas Oficiales'!$H$4:$H$1135,'PPT Regional (2)'!G$4) -> 9 | H13: =COUNTIFS('Bajas Oficiales'!$D$4:$D$1135,'PPT Regional (2)'!$B13,'Bajas Oficiales'!$H$4:$H$1135,'PPT Regional (2)'!H$4) -> 0 | J13: =COUNTIFS(Base!H:H,'PPT Regional (2)'!J$4,Base!D:D,'PPT Regional (2)'!$B13) -> 0 | K13: =COUNTIFS(Base!#REF!,'PPT Regional (2)'!K$4,Base!E:E,'PPT Regional (2)'!$B13) -> #REF! | L13: =COUNTIFS(Base!#REF!,'PPT Regional (2)'!L$4,Base!F:F,'PPT Regional (2)'!$B13) -> #REF! | M13: =COUNTIFS(Base!#REF!,'PPT Regional (2)'!M$4,Base!G:G,'PPT Regional (2)'!$B13) -> #REF! | N13: =SUM(J13:M13) -> #REF!
B14: Durango | C14: =COUNTIF('Bajas Oficiales'!$D$4:$D$1135,'PPT Regional (2)'!B14) -> 16 | D14: =COUNTIFS('Bajas Oficiales'!$D$4:$D$1135,'PPT Regional (2)'!$B14,'Bajas Oficiales'!$H$4:$H$1135,'PPT Regional (2)'!D$4) -> 15 | E14: =COUNTIFS('Bajas Oficiales'!$D$4:$D$1135,'PPT Regional (2)'!$B14,'Bajas Oficiales'!$H$4:$H$1135,'PPT Regional (2)'!E$4) -> 1 | F14: =COUNTIFS('Bajas Oficiales'!$D$4:$D$1135,'PPT Regional (2)'!$B14,'Bajas Oficiales'!$H$4:$H$1135,'PPT Regional (2)'!F$4) -> 0 | G14: =COUNTIFS('Bajas Oficiales'!$D$4:$D$1135,'PPT Regional (2)'!$B14,'Bajas Oficiales'!$H$4:$H$1135,'PPT Regional (2)'!G$4) -> 0 | H14: =COUNTIFS('Bajas Oficiales'!$D$4:$D$1135,'PPT Regional (2)'!$B14,'Bajas Oficiales'!$H$4:$H$1135,'PPT Regional (2)'!H$4) -> 0 | J14: =COUNTIFS(Base!H:H,'PPT Regional (2)'!J$4,Base!D:D,'PPT Regional (2)'!$B14) -> 0 | K14: =COUNTIFS(Base!#REF!,'PPT Regional (2)'!K$4,Base!E:E,'PPT Regional (2)'!$B14) -> #REF! | L14: =COUNTIFS(Base!#REF!,'PPT Regional (2)'!L$4,Base!F:F,'PPT Regional (2)'!$B14) -> #REF! | M14: =COUNTIFS(Base!#REF!,'PPT Regional (2)'!M$4,Base!G:G,'PPT Regional (2)'!$B14) -> #REF! | N14: =SUM(J14:M14) -> #REF!
B15: Nuevo León | C15: =COUNTIF('Bajas Oficiales'!$D$4:$D$1135,'PPT Regional (2)'!B15) -> 178 | D15: =COUNTIFS('Bajas Oficiales'!$D$4:$D$1135,'PPT Regional (2)'!$B15,'Bajas Oficiales'!$H$4:$H$1135,'PPT Regional (2)'!D$4) -> 161 | E15: =COUNTIFS('Bajas Oficiales'!$D$4:$D$1135,'PPT Regional (2)'!$B15,'Bajas Oficiales'!$H$4:$H$1135,'PPT Regional (2)'!E$4) -> 2 | F15: =COUNTIFS('Bajas Oficiales'!$D$4:$D$1135,'PPT Regional (2)'!$B15,'Bajas Oficiales'!$H$4:$H$1135,'PPT Regional (2)'!F$4) -> 1 | G15: =COUNTIFS('Bajas Oficiales'!$D$4:$D$1135,'PPT Regional (2)'!$B15,'Bajas Oficiales'!$H$4:$H$1135,'PPT Regional (2)'!G$4) -> 12 | H15: =COUNTIFS('Bajas Oficiales'!$D$4:$D$1135,'PPT Regional (2)'!$B15,'Bajas Oficiales'!$H$4:$H$1135,'PPT Regional (2)'!H$4) -> 2 | J15: =COUNTIFS(Base!H:H,'PPT Regional (2)'!J$4,Base!D:D,'PPT Regional (2)'!$B15) -> 0 | K15: =COUNTIFS(Base!#REF!,'PPT Regional (2)'!K$4,Base!E:E,'PPT Regional (2)'!$B15) -> #REF! | L15: =COUNTIFS(Base!#REF!,'PPT Regional (2)'!L$4,Base!F:F,'PPT Regional (2)'!$B15) -> #REF! | M15: =COUNTIFS(Base!#REF!,'PPT Regional (2)'!M$4,Base!G:G,'PPT Regional (2)'!$B15) -> #REF! | N15: =SUM(J15:M15) -> #REF!
B16: Tamaulipas Nte | C16: =COUNTIF('Bajas Oficiales'!$D$4:$D$1135,'PPT Regional (2)'!B16) -> 25 | D16: =COUNTIFS('Bajas Oficiales'!$D$4:$D$1135,'PPT Regional (2)'!$B16,'Bajas Oficiales'!$H$4:$H$1135,'PPT Regional (2)'!D$4) -> 14 | E16: =COUNTIFS('Bajas Oficiales'!$D$4:$D$1135,'PPT Regional (2)'!$B16,'Bajas Oficiales'!$H$4:$H$1135,'PPT Regional (2)'!E$4) -> 0 | F16: =COUNTIFS('Bajas Oficiales'!$D$4:$D$1135,'PPT Regional (2)'!$B16,'Bajas Oficiales'!$H$4:$H$1135,'PPT Regional (2)'!F$4) -> 0 | G16: =COUNTIFS('Bajas Oficiales'!$D$4:$D$1135,'PPT Regional (2)'!$B16,'Bajas Oficiales'!$H$4:$H$1135,'PPT Regional (2)'!G$4) -> 11 | H16: =COUNTIFS('Bajas Oficiales'!$D$4:$D$1135,'PPT Regional (2)'!$B16,'Bajas Oficiales'!$H$4:$H$1135,'PPT Regional (2)'!H$4) -> 0 | J16: =COUNTIFS(Base!H:H,'PPT Regional (2)'!J$4,Base!D:D,'PPT Regional (2)'!$B16) -> 0 | K16: =COUNTIFS(Base!#REF!,'PPT Regional (2)'!K$4,Base!E:E,'PPT Regional (2)'!$B16) -> #REF! | L16: =COUNTIFS(Base!#REF!,'PPT Regional (2)'!L$4,Base!F:F,'PPT Regional (2)'!$B16) -> #REF! | M16: =COUNTIFS(Base!#REF!,'PPT Regional (2)'!M$4,Base!G:G,'PPT Regional (2)'!$B16) -> #REF! | N16: =SUM(J16:M16) -> #REF!
B17: Tamps Sur/Ver Nte | C17: =COUNTIF('Bajas Oficiales'!$D$4:$D$1135,'PPT Regional (2)'!B17) -> 51 | D17: =COUNTIFS('Bajas Oficiales'!$D$4:$D$1135,'PPT Regional (2)'!$B17,'Bajas Oficiales'!$H$4:$H$1135,'PPT Regional (2)'!D$4) -> 39 | E17: =COUNTIFS('Bajas Oficiales'!$D$4:$D$1135,'PPT Regional (2)'!$B17,'Bajas Oficiales'!$H$4:$H$1135,'PPT Regional (2)'!E$4) -> 0 | F17: =COUNTIFS('Bajas Oficiales'!$D$4:$D$1135,'PPT Regional (2)'!$B17,'Bajas Oficiales'!$H$4:$H$1135,'PPT Regional (2)'!F$4) -> 1 | G17: =COUNTIFS('Bajas Oficiales'!$D$4:$D$1135,'PPT Regional (2)'!$B17,'Bajas Oficiales'!$H$4:$H$1135,'PPT Regional (2)'!G$4) -> 8 | H17: =COUNTIFS('Bajas Oficiales'!$D$4:$D$1135,'PPT Regional (2)'!$B17,'Bajas Oficiales'!$H$4:$H$1135,'PPT Regional (2)'!H$4) -> 0 | J17: =COUNTIFS(Base!H:H,'PPT Regional (2)'!J$4,Base!D:D,'PPT Regional (2)'!$B17) -> 0 | K17: =COUNTIFS(Base!#REF!,'PPT Regional (2)'!K$4,Base!E:E,'PPT Regional (2)'!$B17) -> #REF! | L17: =COUNTIFS(Base!#REF!,'PPT Regional (2)'!L$4,Base!F:F,'PPT Regional (2)'!$B17) -> #REF! | M17: =COUNTIFS(Base!#REF!,'PPT Regional (2)'!M$4,Base!G:G,'PPT Regional (2)'!$B17) -> #REF! | N17: =SUM(J17:M17) -> #REF!
B18: WE | C18: =COUNTIF('Bajas Oficiales'!$C$4:$C$1135,'PPT Regional (2)'!B18) -> 0 | D18: =COUNTIFS('Bajas Oficiales'!$C$4:$C$1135,B18,'Bajas Oficiales'!$H$4:$H$1135,'PPT Regional (2)'!D$4) -> 0 | E18: =COUNTIFS('Bajas Oficiales'!$C$4:$C$1135,$B18,'Bajas Oficiales'!$H$4:$H$1135,'PPT Regional (2)'!E$4) -> 0 | F18: =COUNTIFS('Bajas Oficiales'!$C$4:$C$1135,$B18,'Bajas Oficiales'!$H$4:$H$1135,'PPT Regional (2)'!F$4) -> 0 | G18: =COUNTIFS('Bajas Oficiales'!$C$4:$C$1135,$B18,'Bajas Oficiales'!$H$4:$H$1135,'PPT Regional (2)'!G$4) -> 0 | H18: =COUNTIFS('Bajas Oficiales'!$C$4:$C$1135,$B18,'Bajas Oficiales'!$H$4:$H$1135,'PPT Regional (2)'!H$4) -> 0 | J18: =COUNTIFS(Base!C:C,$B18,Base!H:H,'PPT Regional (2)'!J$4) -> 2 | K18: =COUNTIFS(Base!D:D,$B18,Base!#REF!,'PPT Regional (2)'!K$4) -> #REF! | L18: =COUNTIFS(Base!E:E,$B18,Base!#REF!,'PPT Regional (2)'!L$4) -> #REF! | M18: =COUNTIFS(Base!F:F,$B18,Base!#REF!,'PPT Regional (2)'!M$4) -> #REF! | N18: =SUM(J18:M18) -> #REF!
B19: Ags-Zac-SLP | C19: =COUNTIF('Bajas Oficiales'!$D$4:$D$1135,'PPT Regional (2)'!B19) -> 40 | D19: =COUNTIFS('Bajas Oficiales'!$D$4:$D$1135,'PPT Regional (2)'!$B19,'Bajas Oficiales'!$H$4:$H$1135,'PPT Regional (2)'!D$4) -> 40 | E19: =COUNTIFS('Bajas Oficiales'!$D$4:$D$1135,'PPT Regional (2)'!$B19,'Bajas Oficiales'!$H$4:$H$1135,'PPT Regional (2)'!E$4) -> 0 | F19: =COUNTIFS('Bajas Oficiales'!$D$4:$D$1135,'PPT Regional (2)'!$B19,'Bajas Oficiales'!$H$4:$H$1135,'PPT Regional (2)'!F$4) -> 0 | G19: =COUNTIFS('Bajas Oficiales'!$D$4:$D$1135,'PPT Regional (2)'!$B19,'Bajas Oficiales'!$H$4:$H$1135,'PPT Regional (2)'!G$4) -> 0 | H19: =COUNTIFS('Bajas Oficiales'!$D$4:$D$1135,'PPT Regional (2)'!$B19,'Bajas Oficiales'!$H$4:$H$1135,'PPT Regional (2)'!H$4) -> 0 | J19: =COUNTIFS(Base!H:H,'PPT Regional (2)'!J$4,Base!D:D,'PPT Regional (2)'!$B19) -> 0 | K19: =COUNTIFS(Base!#REF!,'PPT Regional (2)'!K$4,Base!E:E,'PPT Regional (2)'!$B19) -> #REF! | L19: =COUNTIFS(Base!#REF!,'PPT Regional (2)'!L$4,Base!F:F,'PPT Regional (2)'!$B19) -> #REF! | M19: =COUNTIFS(Base!#REF!,'PPT Regional (2)'!M$4,Base!G:G,'PPT Regional (2)'!$B19) -> #REF! | N19: =SUM(J19:M19) -> #REF!
B20: Guanajuato - Querétaro | C20: =COUNTIF('Bajas Oficiales'!$D$4:$D$1135,'PPT Regional (2)'!B20) -> 14 | D20: =COUNTIFS('Bajas Oficiales'!$D$4:$D$1135,'PPT Regional (2)'!$B20,'Bajas Oficiales'!$H$4:$H$1135,'PPT Regional (2)'!D$4) -> 14 | E20: =COUNTIFS('Bajas Oficiales'!$D$4:$D$1135,'PPT Regional (2)'!$B20,'Bajas Oficiales'!$H$4:$H$1135,'PPT Regional (2)'!E$4) -> 0 | F20: =COUNTIFS('Bajas Oficiales'!$D$4:$D$1135,'PPT Regional (2)'!$B20,'Bajas Oficiales'!$H$4:$H$1135,'PPT Regional (2)'!F$4) -> 0 | G20: =COUNTIFS('Bajas Oficiales'!$D$4:$D$1135,'PPT Regional (2)'!$B20,'Bajas Oficiales'!$H$4:$H$1135,'PPT Regional (2)'!G$4) -> 0 | H20: =COUNTIFS('Bajas Oficiales'!$D$4:$D$1135,'PPT Regional (2)'!$B20,'Bajas Oficiales'!$H$4:$H$1135,'PPT Regional (2)'!H$4) -> 0 | J20: =COUNTIFS(Base!H:H,'PPT Regional (2)'!J$4,Base!D:D,'PPT Regional (2)'!$B20) -> 0 | K20: =COUNTIFS(Base!#REF!,'PPT Regional (2)'!K$4,Base!E:E,'PPT Regional (2)'!$B20) -> #REF! | L20: =COUNTIFS(Base!#REF!,'PPT Regional (2)'!L$4,Base!F:F,'PPT Regional (2)'!$B20) -> #REF! | M20: =COUNTIFS(Base!#REF!,'PPT Regional (2)'!M$4,Base!G:G,'PPT Regional (2)'!$B20) -> #REF! | N20: =SUM(J20:M20) -> #REF!
B21: Jal - Col - Nay | C21: =COUNTIF('Bajas Oficiales'!$D$4:$D$1135,'PPT Regional (2)'!B21) -> 69 | D21: =COUNTIFS('Bajas Oficiales'!$D$4:$D$1135,'PPT Regional (2)'!$B21,'Bajas Oficiales'!$H$4:$H$1135,'PPT Regional (2)'!D$4) -> 42 | E21: =COUNTIFS('Bajas Oficiales'!$D$4:$D$1135,'PPT Regional (2)'!$B21,'Bajas Oficiales'!$H$4:$H$1135,'PPT Regional (2)'!E$4) -> 0 | F21: =COUNTIFS('Bajas Oficiales'!$D$4:$D$1135,'PPT Regional (2)'!$B21,'Bajas Oficiales'!$H$4:$H$1135,'PPT Regional (2)'!F$4) -> 25 | G21: =COUNTIFS('Bajas Oficiales'!$D$4:$D$1135,'PPT Regional (2)'!$B21,'Bajas Oficiales'!$H$4:$H$1135,'PPT Regional (2)'!G$4) -> 2 | H21: =COUNTIFS('Bajas Oficiales'!$D$4:$D$1135,'PPT Regional (2)'!$B21,'Bajas Oficiales'!$H$4:$H$1135,'PPT Regional (2)'!H$4) -> 0 | J21: =COUNTIFS(Base!H:H,'PPT Regional (2)'!J$4,Base!D:D,'PPT Regional (2)'!$B21) -> 0 | K21: =COUNTIFS(Base!#REF!,'PPT Regional (2)'!K$4,Base!E:E,'PPT Regional (2)'!$B21) -> #REF! | L21: =COUNTIFS(Base!#REF!,'PPT Regional (2)'!L$4,Base!F:F,'PPT Regional (2)'!$B21) -> #REF! | M21: =COUNTIFS(Base!#REF!,'PPT Regional (2)'!M$4,Base!G:G,'PPT Regional (2)'!$B21) -> #REF! | N21: =SUM(J21:M21) -> #REF!
B22: Michoacán | C22: =COUNTIF('Bajas Oficiales'!$D$4:$D$1135,'PPT Regional (2)'!B22) -> 12 | D22: =COUNTIFS('Bajas Oficiales'!$D$4:$D$1135,'PPT Regional (2)'!$B22,'Bajas Oficiales'!$H$4:$H$1135,'PPT Regional (2)'!D$4) -> 11 | E22: =COUNTIFS('Bajas Oficiales'!$D$4:$D$1135,'PPT Regional (2)'!$B22,'Bajas Oficiales'!$H$4:$H$1135,'PPT Regional (2)'!E$4) -> 0 | F22: =COUNTIFS('Bajas Oficiales'!$D$4:$D$1135,'PPT Regional (2)'!$B22,'Bajas Oficiales'!$H$4:$H$1135,'PPT Regional (2)'!F$4) -> 0 | G22: =COUNTIFS('Bajas Oficiales'!$D$4:$D$1135,'PPT Regional (2)'!$B22,'Bajas Oficiales'!$H$4:$H$1135,'PPT Regional (2)'!G$4) -> 1 | H22: =COUNTIFS('Bajas Oficiales'!$D$4:$D$1135,'PPT Regional (2)'!$B22,'Bajas Oficiales'!$H$4:$H$1135,'PPT Regional (2)'!H$4) -> 0 | J22: =COUNTIFS(Base!H:H,'PPT Regional (2)'!J$4,Base!D:D,'PPT Regional (2)'!$B22) -> 0 | K22: =COUNTIFS(Base!#REF!,'PPT Regional (2)'!K$4,Base!E:E,'PPT Regional (2)'!$B22) -> #REF! | L22: =COUNTIFS(Base!#REF!,'PPT Regional (2)'!L$4,Base!F:F,'PPT Regional (2)'!$B22) -> #REF! | M22: =COUNTIFS(Base!#REF!,'PPT Regional (2)'!M$4,Base!G:G,'PPT Regional (2)'!$B22) -> #REF! | N22: =SUM(J22:M22) -> #REF!
B23: CE | C23: =COUNTIF('Bajas Oficiales'!$C$4:$C$1135,'PPT Regional (2)'!B23) -> 0 | D23: =COUNTIFS('Bajas Oficiales'!$C$4:$C$1135,B23,'Bajas Oficiales'!$H$4:$H$1135,'PPT Regional (2)'!D$4) -> 0 | E23: =COUNTIFS('Bajas Oficiales'!$C$4:$C$1135,$B23,'Bajas Oficiales'!$H$4:$H$1135,'PPT Regional (2)'!E$4) -> 0 | F23: =COUNTIFS('Bajas Oficiales'!$C$4:$C$1135,$B23,'Bajas Oficiales'!$H$4:$H$1135,'PPT Regional (2)'!F$4) -> 0 | G23: =COUNTIFS('Bajas Oficiales'!$C$4:$C$1135,$B23,'Bajas Oficiales'!$H$4:$H$1135,'PPT Regional (2)'!G$4) -> 0 | H23: =COUNTIFS('Bajas Oficiales'!$C$4:$C$1135,$B23,'Bajas Oficiales'!$H$4:$H$1135,'PPT Regional (2)'!H$4) -> 0 | J23: =COUNTIFS(Base!C:C,$B23,Base!H:H,'PPT Regional (2)'!J$4) -> 4 | K23: =COUNTIFS(Base!D:D,$B23,Base!#REF!,'PPT Regional (2)'!K$4) -> #REF! | L23: =COUNTIFS(Base!E:E,$B23,Base!#REF!,'PPT Regional (2)'!L$4) -> #REF! | M23: =COUNTIFS(Base!F:F,$B23,Base!#REF!,'PPT Regional (2)'!M$4) -> #REF! | N23: =SUM(J23:M23) -> #REF!
B24: Estado de México | C24: =COUNTIF('Bajas Oficiales'!$D$4:$D$1135,'PPT Regional (2)'!B24) -> 9 | D24: =COUNTIFS('Bajas Oficiales'!$D$4:$D$1135,'PPT Regional (2)'!$B24,'Bajas Oficiales'!$H$4:$H$1135,'PPT Regional (2)'!D$4) -> 4 | E24: =COUNTIFS('Bajas Oficiales'!$D$4:$D$1135,'PPT Regional (2)'!$B24,'Bajas Oficiales'!$H$4:$H$1135,'PPT Regional (2)'!E$4) -> 1 | F24: =COUNTIFS('Bajas Oficiales'!$D$4:$D$1135,'PPT Regional (2)'!$B24,'Bajas Oficiales'!$H$4:$H$1135,'PPT Regional (2)'!F$4) -> 2 | G24: =COUNTIFS('Bajas Oficiales'!$D$4:$D$1135,'PPT Regional (2)'!$B24,'Bajas Oficiales'!$H$4:$H$1135,'PPT Regional (2)'!G$4) -> 0 | H24: =COUNTIFS('Bajas Oficiales'!$D$4:$D$1135,'PPT Regional (2)'!$B24,'Bajas Oficiales'!$H$4:$H$1135,'PPT Regional (2)'!H$4) -> 2 | J24: =COUNTIFS(Base!H:H,'PPT Regional (2)'!J$4,Base!D:D,'PPT Regional (2)'!$B24) -> 0 | K24: =COUNTIFS(Base!#REF!,'PPT Regional (2)'!K$4,Base!E:E,'PPT Regional (2)'!$B24) -> #REF! | L24: =COUNTIFS(Base!#REF!,'PPT Regional (2)'!L$4,Base!F:F,'PPT Regional (2)'!$B24) -> #REF! | M24: =COUNTIFS(Base!#REF!,'PPT Regional (2)'!M$4,Base!G:G,'PPT Regional (2)'!$B24) -> #REF! | N24: =SUM(J24:M24) -> #REF!
B25: Hidalgo | C25: =COUNTIF('Bajas Oficiales'!$D$4:$D$1135,'PPT Regional (2)'!B25) -> 5 | D25: =COUNTIFS('Bajas Oficiales'!$D$4:$D$1135,'PPT Regional (2)'!$B25,'Bajas Oficiales'!$H$4:$H$1135,'PPT Regional (2)'!D$4) -> 3 | E25: =COUNTIFS('Bajas Oficiales'!$D$4:$D$1135,'PPT Regional (2)'!$B25,'Bajas Oficiales'!$H$4:$H$1135,'PPT Regional (2)'!E$4) -> 0 | F25: =COUNTIFS('Bajas Oficiales'!$D$4:$D$1135,'PPT Regional (2)'!$B25,'Bajas Oficiales'!$H$4:$H$1135,'PPT Regional (2)'!F$4) -> 2 | G25: =COUNTIFS('Bajas Oficiales'!$D$4:$D$1135,'PPT Regional (2)'!$B25,'Bajas Oficiales'!$H$4:$H$1135,'PPT Regional (2)'!G$4) -> 0 | H25: =COUNTIFS('Bajas Oficiales'!$D$4:$D$1135,'PPT Regional (2)'!$B25,'Bajas Oficiales'!$H$4:$H$1135,'PPT Regional (2)'!H$4) -> 0 | J25: =COUNTIFS(Base!H:H,'PPT Regional (2)'!J$4,Base!D:D,'PPT Regional (2)'!$B25) -> 0 | K25: =COUNTIFS(Base!#REF!,'PPT Regional (2)'!K$4,Base!E:E,'PPT Regional (2)'!$B25) -> #REF! | L25: =COUNTIFS(Base!#REF!,'PPT Regional (2)'!L$4,Base!F:F,'PPT Regional (2)'!$B25) -> #REF! | M25: =COUNTIFS(Base!#REF!,'PPT Regional (2)'!M$4,Base!G:G,'PPT Regional (2)'!$B25) -> #REF! | N25: =SUM(J25:M25) -> #REF!
B26: Guerrero - Morelos | C26: =COUNTIF('Bajas Oficiales'!$D$4:$D$1135,'PPT Regional (2)'!B26) -> 19 | D26: =COUNTIFS('Bajas Oficiales'!$D$4:$D$1135,'PPT Regional (2)'!$B26,'Bajas Oficiales'!$H$4:$H$1135,'PPT Regional (2)'!D$4) -> 16 | E26: =COUNTIFS('Bajas Oficiales'!$D$4:$D$1135,'PPT Regional (2)'!$B26,'Bajas Oficiales'!$H$4:$H$1135,'PPT Regional (2)'!E$4) -> 2 | F26: =COUNTIFS('Bajas Oficiales'!$D$4:$D$1135,'PPT Regional (2)'!$B26,'Bajas Oficiales'!$H$4:$H$1135,'PPT Regional (2)'!F$4) -> 1 | G26: =COUNTIFS('Bajas Oficiales'!$D$4:$D$1135,'PPT Regional (2)'!$B26,'Bajas Oficiales'!$H$4:$H$1135,'PPT Regional (2)'!G$4) -> 0 | H26: =COUNTIFS('Bajas Oficiales'!$D$4:$D$1135,'PPT Regional (2)'!$B26,'Bajas Oficiales'!$H$4:$H$1135,'PPT Regional (2)'!H$4) -> 0 | J26: =COUNTIFS(Base!H:H,'PPT Regional (2)'!J$4,Base!D:D,'PPT Regional (2)'!$B26) -> 0 | K26: =COUNTIFS(Base!#REF!,'PPT Regional (2)'!K$4,Base!E:E,'PPT Regional (2)'!$B26) -> #REF! | L26: =COUNTIFS(Base!#REF!,'PPT Regional (2)'!L$4,Base!F:F,'PPT Regional (2)'!$B26) -> #REF! | M26: =COUNTIFS(Base!#REF!,'PPT Regional (2)'!M$4,Base!G:G,'PPT Regional (2)'!$B26) -> #REF! | N26: =SUM(J26:M26) -> #REF!
B27: Puebla - Tlaxcala | C27: =COUNTIF('Bajas Oficiales'!$D$4:$D$1135,'PPT Regional (2)'!B27) -> 9 | D27: =COUNTIFS('Bajas Oficiales'!$D$4:$D$1135,'PPT Regional (2)'!$B27,'Bajas Oficiales'!$H$4:$H$1135,'PPT Regional (2)'!D$4) -> 3 | E27: =COUNTIFS('Bajas Oficiales'!$D$4:$D$1135,'PPT Regional (2)'!$B27,'Bajas Oficiales'!$H$4:$H$1135,'PPT Regional (2)'!E$4) -> 0 | F27: =COUNTIFS('Bajas Oficiales'!$D$4:$D$1135,'PPT Regional (2)'!$B27,'Bajas Oficiales'!$H$4:$H$1135,'PPT Regional (2)'!F$4) -> 6 | G27: =COUNTIFS('Bajas Oficiales'!$D$4:$D$1135,'PPT Regional (2)'!$B27,'Bajas Oficiales'!$H$4:$H$1135,'PPT Regional (2)'!G$4) -> 0 | H27: =COUNTIFS('Bajas Oficiales'!$D$4:$D$1135,'PPT Regional (2)'!$B27,'Bajas Oficiales'!$H$4:$H$1135,'PPT Regional (2)'!H$4) -> 0 | J27: =COUNTIFS(Base!H:H,'PPT Regional (2)'!J$4,Base!D:D,'PPT Regional (2)'!$B27) -> 0 | K27: =COUNTIFS(Base!#REF!,'PPT Regional (2)'!K$4,Base!E:E,'PPT Regional (2)'!$B27) -> #REF! | L27: =COUNTIFS(Base!#REF!,'PPT Regional (2)'!L$4,Base!F:F,'PPT Regional (2)'!$B27) -> #REF! | M27: =COUNTIFS(Base!#REF!,'PPT Regional (2)'!M$4,Base!G:G,'PPT Regional (2)'!$B27) -> #REF! | N27: =SUM(J27:M27) -> #REF!
B28: Valle de Mex | C28: =COUNTIF('Bajas Oficiales'!$D$4:$D$1135,'PPT Regional (2)'!B28) -> 87 | D28: =COUNTIFS('Bajas Oficiales'!$D$4:$D$1135,'PPT Regional (2)'!$B28,'Bajas Oficiales'!$H$4:$H$1135,'PPT Regional (2)'!D$4) -> 51 | E28: =COUNTIFS('Bajas Oficiales'!$D$4:$D$1135,'PPT Regional (2)'!$B28,'Bajas Oficiales'!$H$4:$H$1135,'PPT Regional (2)'!E$4) -> 0 | F28: =COUNTIFS('Bajas Oficiales'!$D$4:$D$1135,'PPT Regional (2)'!$B28,'Bajas Oficiales'!$H$4:$H$1135,'PPT Regional (2)'!F$4) -> 36 | G28: =COUNTIFS('Bajas Oficiales'!$D$4:$D$1135,'PPT Regional (2)'!$B28,'Bajas Oficiales'!$H$4:$H$1135,'PPT Regional (2)'!G$4) -> 0 | H28: =COUNTIFS('Bajas Oficiales'!$D$4:$D$1135,'PPT Regional (2)'!$B28,'Bajas Oficiales'!$H$4:$H$1135,'PPT Regional (2)'!H$4) -> 0 | J28: =COUNTIFS(Base!H:H,'PPT Regional (2)'!J$4,Base!D:D,'PPT Regional (2)'!$B28) -> 0 | K28: =COUNTIFS(Base!#REF!,'PPT Regional (2)'!K$4,Base!E:E,'PPT Regional (2)'!$B28) -> #REF! | L28: =COUNTIFS(Base!#REF!,'PPT Regional (2)'!L$4,Base!F:F,'PPT Regional (2)'!$B28) -> #REF! | M28: =COUNTIFS(Base!#REF!,'PPT Regional (2)'!M$4,Base!G:G,'PPT Regional (2)'!$B28) -> #REF! | N28: =SUM(J28:M28) -> #REF!
B29: SE | C29: =COUNTIF('Bajas Oficiales'!$C$4:$C$1135,'PPT Regional (2)'!B29) -> 0 | D29: =COUNTIFS('Bajas Oficiales'!$C$4:$C$1135,B29,'Bajas Oficiales'!$H$4:$H$1135,'PPT Regional (2)'!D$4) -> 0 | E29: =COUNTIFS('Bajas Oficiales'!$C$4:$C$1135,$B29,'Bajas Oficiales'!$H$4:$H$1135,'PPT Regional (2)'!E$4) -> 0 | F29: =COUNTIFS('Bajas Oficiales'!$C$4:$C$1135,$B29,'Bajas Oficiales'!$H$4:$H$1135,'PPT Regional (2)'!F$4) -> 0 | G29: =COUNTIFS('Bajas Oficiales'!$C$4:$C$1135,$B29,'Bajas Oficiales'!$H$4:$H$1135,'PPT Regional (2)'!G$4) -> 0 | H29: =COUNTIFS('Bajas Oficiales'!$C$4:$C$1135,$B29,'Bajas Oficiales'!$H$4:$H$1135,'PPT Regional (2)'!H$4) -> 0 | J29: =COUNTIFS(Base!C:C,$B29,Base!H:H,'PPT Regional (2)'!J$4) -> 4 | K29: =COUNTIFS(Base!D:D,$B29,Base!#REF!,'PPT Regional (2)'!K$4) -> #REF! | L29: =COUNTIFS(Base!E:E,$B29,Base!#REF!,'PPT Regional (2)'!L$4) -> #REF! | M29: =COUNTIFS(Base!F:F,$B29,Base!#REF!,'PPT Regional (2)'!M$4) -> #REF! | N29: =SUM(J29:M29) -> #REF!
B30: Quintana Roo | C30: =COUNTIF('Bajas Oficiales'!$D$4:$D$1135,'PPT Regional (2)'!B30) -> 61 | D30: =COUNTIFS('Bajas Oficiales'!$D$4:$D$1135,'PPT Regional (2)'!$B30,'Bajas Oficiales'!$H$4:$H$1135,'PPT Regional (2)'!D$4) -> 47 | E30: =COUNTIFS('Bajas Oficiales'!$D$4:$D$1135,'PPT Regional (2)'!$B30,'Bajas Oficiales'!$H$4:$H$1135,'PPT Regional (2)'!E$4) -> 0 | F30: =COUNTIFS('Bajas Oficiales'!$D$4:$D$1135,'PPT Regional (2)'!$B30,'Bajas Oficiales'!$H$4:$H$1135,'PPT Regional (2)'!F$4) -> 14 | G30: =COUNTIFS('Bajas Oficiales'!$D$4:$D$1135,'PPT Regional (2)'!$B30,'Bajas Oficiales'!$H$4:$H$1135,'PPT Regional (2)'!G$4) -> 0 | H30: =COUNTIFS('Bajas Oficiales'!$D$4:$D$1135,'PPT Regional (2)'!$B30,'Bajas Oficiales'!$H$4:$H$1135,'PPT Regional (2)'!H$4) -> 0 | J30: =COUNTIFS(Base!H:H,'PPT Regional (2)'!J$4,Base!D:D,'PPT Regional (2)'!$B30) -> 0 | K30: =COUNTIFS(Base!#REF!,'PPT Regional (2)'!K$4,Base!E:E,'PPT Regional (2)'!$B30) -> #REF! | L30: =COUNTIFS(Base!#REF!,'PPT Regional (2)'!L$4,Base!F:F,'PPT Regional (2)'!$B30) -> #REF! | M30: =COUNTIFS(Base!#REF!,'PPT Regional (2)'!M$4,Base!G:G,'PPT Regional (2)'!$B30) -> #REF! | N30: =SUM(J30:M30) -> #REF!
B31: Tabasco - Ver Sur | C31: =COUNTIF('Bajas Oficiales'!$D$4:$D$1135,'PPT Regional (2)'!B31) -> 97 | D31: =COUNTIFS('Bajas Oficiales'!$D$4:$D$1135,'PPT Regional (2)'!$B31,'Bajas Oficiales'!$H$4:$H$1135,'PPT Regional (2)'!D$4) -> 82 | E31: =COUNTIFS('Bajas Oficiales'!$D$4:$D$1135,'PPT Regional (2)'!$B31,'Bajas Oficiales'!$H$4:$H$1135,'PPT Regional (2)'!E$4) -> 0 | F31: =COUNTIFS('Bajas Oficiales'!$D$4:$D$1135,'PPT Regional (2)'!$B31,'Bajas Oficiales'!$H$4:$H$1135,'PPT Regional (2)'!F$4) -> 15 | G31: =COUNTIFS('Bajas Oficiales'!$D$4:$D$1135,'PPT Regional (2)'!$B31,'Bajas Oficiales'!$H$4:$H$1135,'PPT Regional (2)'!G$4) -> 0 | H31: =COUNTIFS('Bajas Oficiales'!$D$4:$D$1135,'PPT Regional (2)'!$B31,'Bajas Oficiales'!$H$4:$H$1135,'PPT Regional (2)'!H$4) -> 0 | J31: =COUNTIFS(Base!H:H,'PPT Regional (2)'!J$4,Base!D:D,'PPT Regional (2)'!$B31) -> 0 | K31: =COUNTIFS(Base!#REF!,'PPT Regional (2)'!K$4,Base!E:E,'PPT Regional (2)'!$B31) -> #REF! | L31: =COUNTIFS(Base!#REF!,'PPT Regional (2)'!L$4,Base!F:F,'PPT Regional (2)'!$B31) -> #REF! | M31: =COUNTIFS(Base!#REF!,'PPT Regional (2)'!M$4,Base!G:G,'PPT Regional (2)'!$B31) -> #REF! | N31: =SUM(J31:M31) -> #REF!
B32: Veracruz Cto | C32: =COUNTIF('Bajas Oficiales'!$D$4:$D$1135,'PPT Regional (2)'!B32) -> 10 | D32: =COUNTIFS('Bajas Oficiales'!$D$4:$D$1135,'PPT Regional (2)'!$B32,'Bajas Oficiales'!$H$4:$H$1135,'PPT Regional (2)'!D$4) -> 6 | E32: =COUNTIFS('Bajas Oficiales'!$D$4:$D$1135,'PPT Regional (2)'!$B32,'Bajas Oficiales'!$H$4:$H$1135,'PPT Regional (2)'!E$4) -> 0 | F32: =COUNTIFS('Bajas Oficiales'!$D$4:$D$1135,'PPT Regional (2)'!$B32,'Bajas Oficiales'!$H$4:$H$1135,'PPT Regional (2)'!F$4) -> 4 | G32: =COUNTIFS('Bajas Oficiales'!$D$4:$D$1135,'PPT Regional (2)'!$B32,'Bajas Oficiales'!$H$4:$H$1135,'PPT Regional (2)'!G$4) -> 0 | H32: =COUNTIFS('Bajas Oficiales'!$D$4:$D$1135,'PPT Regional (2)'!$B32,'Bajas Oficiales'!$H$4:$H$1135,'PPT Regional (2)'!H$4) -> 0 | J32: =COUNTIFS(Base!H:H,'PPT Regional (2)'!J$4,Base!D:D,'PPT Regional (2)'!$B32) -> 0 | K32: =COUNTIFS(Base!#REF!,'PPT Regional (2)'!K$4,Base!E:E,'PPT Regional (2)'!$B32) -> #REF! | L32: =COUNTIFS(Base!#REF!,'PPT Regional (2)'!L$4,Base!F:F,'PPT Regional (2)'!$B32) -> #REF! | M32: =COUNTIFS(Base!#REF!,'PPT Regional (2)'!M$4,Base!G:G,'PPT Regional (2)'!$B32) -> #REF! | N32: =SUM(J32:M32) -> #REF!
B33: Oaxaca | C33: =COUNTIF('Bajas Oficiales'!$D$4:$D$1135,'PPT Regional (2)'!B33) -> 40 | D33: =COUNTIFS('Bajas Oficiales'!$D$4:$D$1135,'PPT Regional (2)'!$B33,'Bajas Oficiales'!$H$4:$H$1135,'PPT Regional (2)'!D$4) -> 33 | E33: =COUNTIFS('Bajas Oficiales'!$D$4:$D$1135,'PPT Regional (2)'!$B33,'Bajas Oficiales'!$H$4:$H$1135,'PPT Regional (2)'!E$4) -> 0 | F33: =COUNTIFS('Bajas Oficiales'!$D$4:$D$1135,'PPT Regional (2)'!$B33,'Bajas Oficiales'!$H$4:$H$1135,'PPT Regional (2)'!F$4) -> 7 | G33: =COUNTIFS('Bajas Oficiales'!$D$4:$D$1135,'PPT Regional (2)'!$B33,'Bajas Oficiales'!$H$4:$H$1135,'PPT Regional (2)'!G$4) -> 0 | H33: =COUNTIFS('Bajas Oficiales'!$D$4:$D$1135,'PPT Regional (2)'!$B33,'Bajas Oficiales'!$H$4:$H$1135,'PPT Regional (2)'!H$4) -> 0 | J33: =COUNTIFS(Base!H:H,'PPT Regional (2)'!J$4,Base!D:D,'PPT Regional (2)'!$B33) -> 0 | K33: =COUNTIFS(Base!#REF!,'PPT Regional (2)'!K$4,Base!E:E,'PPT Regional (2)'!$B33) -> #REF! | L33: =COUNTIFS(Base!#REF!,'PPT Regional (2)'!L$4,Base!F:F,'PPT Regional (2)'!$B33) -> #REF! | M33: =COUNTIFS(Base!#REF!,'PPT Regional (2)'!M$4,Base!G:G,'PPT Regional (2)'!$B33) -> #REF! | N33: =SUM(J33:M33) -> #REF!
B34: YuCam | C34: =COUNTIF('Bajas Oficiales'!$D$4:$D$1135,'PPT Regional (2)'!B34) -> 80 | D34: =COUNTIFS('Bajas Oficiales'!$D$4:$D$1135,'PPT Regional (2)'!$B34,'Bajas Oficiales'!$H$4:$H$1135,'PPT Regional (2)'!D$4) -> 64 | E34: =COUNTIFS('Bajas Oficiales'!$D$4:$D$1135,'PPT Regional (2)'!$B34,'Bajas Oficiales'!$H$4:$H$1135,'PPT Regional (2)'!E$4) -> 0 | F34: =COUNTIFS('Bajas Oficiales'!$D$4:$D$1135,'PPT Regional (2)'!$B34,'Bajas Oficiales'!$H$4:$H$1135,'PPT Regional (2)'!F$4) -> 16 | G34: =COUNTIFS('Bajas Oficiales'!$D$4:$D$1135,'PPT Regional (2)'!$B34,'Bajas Oficiales'!$H$4:$H$1135,'PPT Regional (2)'!G$4) -> 0 | H34: =COUNTIFS('Bajas Oficiales'!$D$4:$D$1135,'PPT Regional (2)'!$B34,'Bajas Oficiales'!$H$4:$H$1135,'PPT Regional (2)'!H$4) -> 0 | J34: =COUNTIFS(Base!H:H,'PPT Regional (2)'!J$4,Base!D:D,'PPT Regional (2)'!$B34) -> 0 | K34: =COUNTIFS(Base!#REF!,'PPT Regional (2)'!K$4,Base!E:E,'PPT Regional (2)'!$B34) -> #REF! | L34: =COUNTIFS(Base!#REF!,'PPT Regional (2)'!L$4,Base!F:F,'PPT Regional (2)'!$B34) -> #REF! | M34: =COUNTIFS(Base!#REF!,'PPT Regional (2)'!M$4,Base!G:G,'PPT Regional (2)'!$B34) -> #REF! | N34: =SUM(J34:M34) -> #REF!
B35: SIX | C35: =+C29+C23+C18+C12+C5 -> 0 | D35: =+D29+D23+D18+D12+D5 -> 0 | E35: =+E29+E23+E18+E12+E5 -> 0 | F35: =+F29+F23+F18+F12+F5 -> 0 | G35: =+G29+G23+G18+G12+G5 -> 0 | H35: =+H29+H23+H18+H12+H5 -> 0 | J35: =+J29+J23+J18+J12+J5 -> 46 | K35: =+K29+K23+K18+K12+K5 -> #REF! | L35: =+L29+L23+L18+L12+L5 -> #REF! | M35: =+M29+M23+M18+M12+M5 -> #REF! | N35: =SUM(J35:M35) -> #REF!
D38: H de "Bajas ofic" | J38: Rango de Base columna C,D y H
B39: Region | C39: AP | D39: Real | E39: ∆ | F39: % AP | J39: In Process | K39: ∆ vs AP
B40: NW | C40: =COUNTIF(Plan!$F$3:$F$147,'PPT Regional (2)'!B40) -> 43 | D40: =COUNTIFS('Bajas Oficiales'!$C$4:$C$1135,'PPT Regional (2)'!B40,'Bajas Oficiales'!$H$4:$H$1135,"Plan") -> 0 | E40: =+C40-D40 -> 43 | F40: =+IFERROR(D40/C40,0) -> 0 | J40: =COUNTIFS(Base!#REF!,'PPT Regional (2)'!B40,Base!#REF!,"Plan") -> #REF! | K40: =+C40-D40-J40 -> #REF!
B41: Baja California Nte | C41: =COUNTIF(Plan!$G$3:$G$147,'PPT Regional (2)'!B41) -> 9 | D41: =COUNTIFS('Bajas Oficiales'!$D$4:$D$1135,B41,'Bajas Oficiales'!$H$4:$H$1135,"Plan") -> 25 | E41: =+C41-D41 -> -16 | F41: =+IFERROR(D41/C41,0) -> 2.7777778 | J41: =COUNTIFS(Base!#REF!,'PPT Regional (2)'!B41,Base!#REF!,"Plan") -> #REF! | K41: =+C41-D41-J41 -> #REF!
B42: Baja California Sur | C42: =COUNTIF(Plan!$G$3:$G$147,'PPT Regional (2)'!B42) -> 5 | D42: =COUNTIFS('Bajas Oficiales'!$D$4:$D$1135,B42,'Bajas Oficiales'!$H$4:$H$1135,"Plan") -> 22 | E42: =+C42-D42 -> -17 | F42: =+IFERROR(D42/C42,0) -> 4.4 | J42: =COUNTIFS(Base!#REF!,'PPT Regional (2)'!B42,Base!#REF!,"Plan") -> #REF! | K42: =+C42-D42-J42 -> #REF!
B43: Chihuahua | C43: =COUNTIF(Plan!$G$3:$G$147,'PPT Regional (2)'!B43) -> 8 | D43: =COUNTIFS('Bajas Oficiales'!$D$4:$D$1135,B43,'Bajas Oficiales'!$H$4:$H$1135,"Plan") -> 28 | E43: =+C43-D43 -> -20 | F43: =+IFERROR(D43/C43,0) -> 3.5 | J43: =COUNTIFS(Base!#REF!,'PPT Regional (2)'!B43,Base!#REF!,"Plan") -> #REF! | K43: =+C43-D43-J43 -> #REF!
B44: Juárez | C44: =COUNTIF(Plan!$G$3:$G$147,'PPT Regional (2)'!B44) -> 4 | D44: =COUNTIFS('Bajas Oficiales'!$D$4:$D$1135,B44,'Bajas Oficiales'!$H$4:$H$1135,"Plan") -> 21 | E44: =+C44-D44 -> -17 | F44: =+IFERROR(D44/C44,0) -> 5.25 | J44: =COUNTIFS(Base!#REF!,'PPT Regional (2)'!B44,Base!#REF!,"Plan") -> #REF! | K44: =+C44-D44-J44 -> #REF!
B45: Sinaloa | C45: =COUNTIF(Plan!$G$3:$G$147,'PPT Regional (2)'!B45) -> 16 | D45: =COUNTIFS('Bajas Oficiales'!$D$4:$D$1135,B45,'Bajas Oficiales'!$H$4:$H$1135,"Plan") -> 81 | E45: =+C45-D45 -> -65 | F45: =+IFERROR(D45/C45,0) -> 5.0625 | J45: =COUNTIFS(Base!#REF!,'PPT Regional (2)'!B45,Base!#REF!,"Plan") -> #REF! | K45: =+C45-D45-J45 -> #REF!
B46: Sonora | C46: =COUNTIF(Plan!$G$3:$G$147,'PPT Regional (2)'!B46) -> 1 | D46: =COUNTIFS('Bajas Oficiales'!$D$4:$D$1135,B46,'Bajas Oficiales'!$H$4:$H$1135,"Plan") -> 40 | E46: =+C46-D46 -> -39 | F46: =+IFERROR(D46/C46,0) -> 40 | J46: =COUNTIFS(Base!#REF!,'PPT Regional (2)'!B46,Base!#REF!,"Plan") -> #REF! | K46: =+C46-D46-J46 -> #REF!
B47: NE | C47: =COUNTIF(Plan!$F$3:$F$147,'PPT Regional (2)'!B47) -> 40 | D47: =COUNTIFS('Bajas Oficiales'!$C$4:$C$1135,'PPT Regional (2)'!B47,'Bajas Oficiales'!$H$4:$H$1135,"Plan") -> 0 | E47: =+C47-D47 -> 40 | F47: =+IFERROR(D47/C47,0) -> 0 | J47: =COUNTIFS(Base!#REF!,'PPT Regional (2)'!B47,Base!#REF!,"Plan") -> #REF! | K47: =+C47-D47-J47 -> #REF!
B48: Coahuila | C48: =COUNTIF(Plan!$G$3:$G$147,'PPT Regional (2)'!B48) -> 10 | D48: =COUNTIFS('Bajas Oficiales'!$D$4:$D$1135,B48,'Bajas Oficiales'!$H$4:$H$1135,"Plan") -> 63 | E48: =+C48-D48 -> -53 | F48: =+IFERROR(D48/C48,0) -> 6.3 | J48: =COUNTIFS(Base!#REF!,'PPT Regional (2)'!B48,Base!#REF!,"Plan") -> #REF! | K48: =+C48-D48-J48 -> #REF!
B49: Durango | C49: =COUNTIF(Plan!$G$3:$G$147,'PPT Regional (2)'!B49) -> 0 | D49: =COUNTIFS('Bajas Oficiales'!$D$4:$D$1135,B49,'Bajas Oficiales'!$H$4:$H$1135,"Plan") -> 15 | E49: =+C49-D49 -> -15 | F49: =+IFERROR(D49/C49,0) -> 0 | J49: =COUNTIFS(Base!#REF!,'PPT Regional (2)'!B49,Base!#REF!,"Plan") -> #REF! | K49: =+C49-D49-J49 -> #REF!
B50: Nuevo León | C50: =COUNTIF(Plan!$G$3:$G$147,'PPT Regional (2)'!B50) -> 26 | D50: =COUNTIFS('Bajas Oficiales'!$D$4:$D$1135,B50,'Bajas Oficiales'!$H$4:$H$1135,"Plan") -> 161 | E50: =+C50-D50 -> -135 | F50: =+IFERROR(D50/C50,0) -> 6.1923077 | J50: =COUNTIFS(Base!#REF!,'PPT Regional (2)'!B50,Base!#REF!,"Plan") -> #REF! | K50: =+C50-D50-J50 -> #REF!
B51: Tamaulipas Nte | C51: =COUNTIF(Plan!$G$3:$G$147,'PPT Regional (2)'!B51) -> 0 | D51: =COUNTIFS('Bajas Oficiales'!$D$4:$D$1135,B51,'Bajas Oficiales'!$H$4:$H$1135,"Plan") -> 14 | E51: =+C51-D51 -> -14 | F51: =+IFERROR(D51/C51,0) -> 0 | J51: =COUNTIFS(Base!#REF!,'PPT Regional (2)'!B51,Base!#REF!,"Plan") -> #REF! | K51: =+C51-D51-J51 -> #REF!
B52: Tamps Sur/Ver Nte | C52: =COUNTIF(Plan!$G$3:$G$147,'PPT Regional (2)'!B52) -> 4 | D52: =COUNTIFS('Bajas Oficiales'!$D$4:$D$1135,B52,'Bajas Oficiales'!$H$4:$H$1135,"Plan") -> 39 | E52: =+C52-D52 -> -35 | F52: =+IFERROR(D52/C52,0) -> 9.75 | J52: =COUNTIFS(Base!#REF!,'PPT Regional (2)'!B52,Base!#REF!,"Plan") -> #REF! | K52: =+C52-D52-J52 -> #REF!
B53: WE | C53: =COUNTIF(Plan!$F$3:$F$147,'PPT Regional (2)'!B53) -> 13 | D53: =COUNTIFS('Bajas Oficiales'!$C$4:$C$1135,'PPT Regional (2)'!B53,'Bajas Oficiales'!$H$4:$H$1135,"Plan") -> 0 | E53: =+C53-D53 -> 13 | F53: =+IFERROR(D53/C53,0) -> 0 | J53: =COUNTIFS(Base!#REF!,'PPT Regional (2)'!B53,Base!#REF!,"Plan") -> #REF! | K53: =+C53-D53-J53 -> #REF!
B54: Ags-Zac-SLP | C54: =COUNTIF(Plan!$G$3:$G$147,'PPT Regional (2)'!B54) -> 4 | D54: =COUNTIFS('Bajas Oficiales'!$D$4:$D$1135,B54,'Bajas Oficiales'!$H$4:$H$1135,"Plan") -> 40 | E54: =+C54-D54 -> -36 | F54: =+IFERROR(D54/C54,0) -> 10 | J54: =COUNTIFS(Base!#REF!,'PPT Regional (2)'!B54,Base!#REF!,"Plan") -> #REF! | K54: =+C54-D54-J54 -> #REF!
B55: Guanajuato - Querétaro | C55: =COUNTIF(Plan!$G$3:$G$147,'PPT Regional (2)'!B55) -> 4 | D55: =COUNTIFS('Bajas Oficiales'!$D$4:$D$1135,B55,'Bajas Oficiales'!$H$4:$H$1135,"Plan") -> 14 | E55: =+C55-D55 -> -10 | F55: =+IFERROR(D55/C55,0) -> 3.5 | J55: =COUNTIFS(Base!#REF!,'PPT Regional (2)'!B55,Base!#REF!,"Plan") -> #REF! | K55: =+C55-D55-J55 -> #REF!
B56: Jal - Col - Nay | C56: =COUNTIF(Plan!$G$3:$G$147,'PPT Regional (2)'!B56) -> 5 | D56: =COUNTIFS('Bajas Oficiales'!$D$4:$D$1135,B56,'Bajas Oficiales'!$H$4:$H$1135,"Plan") -> 42 | E56: =+C56-D56 -> -37 | F56: =+IFERROR(D56/C56,0) -> 8.4 | J56: =COUNTIFS(Base!#REF!,'PPT Regional (2)'!B56,Base!#REF!,"Plan") -> #REF! | K56: =+C56-D56-J56 -> #REF!
B57: Michoacán | C57: =COUNTIF(Plan!$G$3:$G$147,'PPT Regional (2)'!B57) -> 0 | D57: =COUNTIFS('Bajas Oficiales'!$D$4:$D$1135,B57,'Bajas Oficiales'!$H$4:$H$1135,"Plan") -> 11 | E57: =+C57-D57 -> -11 | F57: =+IFERROR(D57/C57,0) -> 0 | J57: =COUNTIFS(Base!#REF!,'PPT Regional (2)'!B57,Base!#REF!,"Plan") -> #REF! | K57: =+C57-D57-J57 -> #REF!
B58: CE | C58: =COUNTIF(Plan!$F$3:$F$147,'PPT Regional (2)'!B58) -> 10 | D58: =COUNTIFS('Bajas Oficiales'!$C$4:$C$1135,'PPT Regional (2)'!B58,'Bajas Oficiales'!$H$4:$H$1135,"Plan") -> 0 | E58: =+C58-D58 -> 10 | F58: =+IFERROR(D58/C58,0) -> 0 | J58: =COUNTIFS(Base!#REF!,'PPT Regional (2)'!B58,Base!#REF!,"Plan") -> #REF! | K58: =+C58-D58-J58 -> #REF!
B59: Estado de México | C59: =COUNTIF(Plan!$G$3:$G$147,'PPT Regional (2)'!B59) -> 3 | D59: =COUNTIFS('Bajas Oficiales'!$D$4:$D$1135,B59,'Bajas Oficiales'!$H$4:$H$1135,"Plan") -> 4 | E59: =+C59-D59 -> -1 | F59: =+IFERROR(D59/C59,0) -> 1.3333333 | J59: =COUNTIFS(Base!#REF!,'PPT Regional (2)'!B59,Base!#REF!,"Plan") -> #REF! | K59: =+C59-D59-J59 -> #REF!
B60: Hidalgo | C60: =COUNTIF(Plan!$G$3:$G$147,'PPT Regional (2)'!B60) -> 1 | D60: =COUNTIFS('Bajas Oficiales'!$D$4:$D$1135,B60,'Bajas Oficiales'!$H$4:$H$1135,"Plan") -> 3 | E60: =+C60-D60 -> -2 | F60: =+IFERROR(D60/C60,0) -> 3 | J60: =COUNTIFS(Base!#REF!,'PPT Regional (2)'!B60,Base!#REF!,"Plan") -> #REF! | K60: =+C60-D60-J60 -> #REF!
B61: Guerrero - Morelos | C61: =COUNTIF(Plan!$G$3:$G$147,'PPT Regional (2)'!B61) -> 0 | D61: =COUNTIFS('Bajas Oficiales'!$D$4:$D$1135,B61,'Bajas Oficiales'!$H$4:$H$1135,"Plan") -> 16 | E61: =+C61-D61 -> -16 | F61: =+IFERROR(D61/C61,0) -> 0 | J61: =COUNTIFS(Base!#REF!,'PPT Regional (2)'!B61,Base!#REF!,"Plan") -> #REF! | K61: =+C61-D61-J61 -> #REF!
B62: Puebla - Tlaxcala | C62: =COUNTIF(Plan!$G$3:$G$147,'PPT Regional (2)'!B62) -> 3 | D62: =COUNTIFS('Bajas Oficiales'!$D$4:$D$1135,B62,'Bajas Oficiales'!$H$4:$H$1135,"Plan") -> 3 | E62: =+C62-D62 -> 0 | F62: =+IFERROR(D62/C62,0) -> 1 | J62: =COUNTIFS(Base!#REF!,'PPT Regional (2)'!B62,Base!#REF!,"Plan") -> #REF! | K62: =+C62-D62-J62 -> #REF!
B63: Valle de Mex | C63: =COUNTIF(Plan!$G$3:$G$147,'PPT Regional (2)'!B63) -> 3 | D63: =COUNTIFS('Bajas Oficiales'!$D$4:$D$1135,B63,'Bajas Oficiales'!$H$4:$H$1135,"Plan") -> 51 | E63: =+C63-D63 -> -48 | F63: =+IFERROR(D63/C63,0) -> 17 | J63: =COUNTIFS(Base!#REF!,'PPT Regional (2)'!B63,Base!#REF!,"Plan") -> #REF! | K63: =+C63-D63-J63 -> #REF!
B64: SE | C64: =COUNTIF(Plan!$F$3:$F$147,'PPT Regional (2)'!B64) -> 35 | D64: =COUNTIFS('Bajas Oficiales'!$C$4:$C$1135,'PPT Regional (2)'!B64,'Bajas Oficiales'!$H$4:$H$1135,"Plan") -> 0 | E64: =+C64-D64 -> 35 | F64: =+IFERROR(D64/C64,0) -> 0 | J64: =COUNTIFS(Base!#REF!,'PPT Regional (2)'!B64,Base!#REF!,"Plan") -> #REF! | K64: =+C64-D64-J64 -> #REF!
B65: Quintana Roo | C65: =COUNTIF(Plan!$G$3:$G$147,'PPT Regional (2)'!B65) -> 1 | D65: =COUNTIFS('Bajas Oficiales'!$D$4:$D$1135,B65,'Bajas Oficiales'!$H$4:$H$1135,"Plan") -> 47 | E65: =+C65-D65 -> -46 | F65: =+IFERROR(D65/C65,0) -> 47 | J65: =COUNTIFS(Base!#REF!,'PPT Regional (2)'!B65,Base!#REF!,"Plan") -> #REF! | K65: =+C65-D65-J65 -> #REF!
B66: Tabasco - Ver Sur | C66: =COUNTIF(Plan!$G$3:$G$147,'PPT Regional (2)'!B66) -> 26 | D66: =COUNTIFS('Bajas Oficiales'!$D$4:$D$1135,B66,'Bajas Oficiales'!$H$4:$H$1135,"Plan") -> 82 | E66: =+C66-D66 -> -56 | F66: =+IFERROR(D66/C66,0) -> 3.1538462 | J66: =COUNTIFS(Base!#REF!,'PPT Regional (2)'!B66,Base!#REF!,"Plan") -> #REF! | K66: =+C66-D66-J66 -> #REF!
B67: Veracruz Cto | C67: =COUNTIF(Plan!$G$3:$G$147,'PPT Regional (2)'!B67) -> 2 | D67: =COUNTIFS('Bajas Oficiales'!$D$4:$D$1135,B67,'Bajas Oficiales'!$H$4:$H$1135,"Plan") -> 6 | E67: =+C67-D67 -> -4 | F67: =+IFERROR(D67/C67,0) -> 3 | J67: =COUNTIFS(Base!#REF!,'PPT Regional (2)'!B67,Base!#REF!,"Plan") -> #REF! | K67: =+C67-D67-J67 -> #REF!
B68: Oaxaca | C68: =COUNTIF(Plan!$G$3:$G$147,'PPT Regional (2)'!B68) -> 2 | D68: =COUNTIFS('Bajas Oficiales'!$D$4:$D$1135,B68,'Bajas Oficiales'!$H$4:$H$1135,"Plan") -> 33 | E68: =+C68-D68 -> -31 | F68: =+IFERROR(D68/C68,0) -> 16.5 | J68: =COUNTIFS(Base!#REF!,'PPT Regional (2)'!B68,Base!#REF!,"Plan") -> #REF! | K68: =+C68-D68-J68 -> #REF!
B69: YuCam | C69: =COUNTIF(Plan!$G$3:$G$147,'PPT Regional (2)'!B69) -> 4 | D69: =COUNTIFS('Bajas Oficiales'!$D$4:$D$1135,B69,'Bajas Oficiales'!$H$4:$H$1135,"Plan") -> 64 | E69: =+C69-D69 -> -60 | F69: =+IFERROR(D69/C69,0) -> 16 | J69: =COUNTIFS(Base!#REF!,'PPT Regional (2)'!B69,Base!#REF!,"Plan") -> #REF! | K69: =+C69-D69-J69 -> #REF!
B70: SIX | C70: =+C64+C58+C53+C47+C40 -> 141 | D70: =+D64+D58+D53+D47+D40 -> 0 | E70: =+C70-D70 -> 141 | F70: =+IFERROR(D70/C70,0) -> 0 | J70: =+J64+J58+J53+J47+J40 -> #REF! | K70: =+C70-D70-J70 -> #REF!

Sheet Plan
A2: Ceco | B2: Nombre | C2: Tipo de Cierre | D2: Status Act | E2: Tipo de Exp | F2: Region | G2: GZ | H2: Mes Exp | I2: Mes Cierre | J2: Año Exp | K2: Cierres Finales | L2: Tipo de tienda | N2: Region | O2: Cecos
A3: 300380638 | B3: Six Santuario de Chalma | C3: Plan 2023 | D3: Activo | E3: Apertura | F3: CE | G3: Estado de México | H3: 38687 | I3: - | J3: 38687 | L3: Directo | N3: Northwest | O3: 50
A4: 300393736 | B4: CVF Carretera Tenango | C4: Plan 2023 | D4: Activo | E4: Apertura | F4: CE | G4: Estado de México | H4: 40878 | I4: - | J4: 40878 | L4: Directo | N4: Northeast | O4: 35
A5: 300918118 | B5: Six Elpidio | C5: Plan 2023 | D5: Activo | E5: Apertura | F5: CE | G5: Estado de México | H5: 41365 | I5: - | J5: 41365 | L5: Directo | N5: West | O5: 10
A6: 300478061 | B6: Oasis Tezozomoc | C6: Plan 2023 | D6: Activo | E6: Apertura | F6: CE | G6: Valle de Mex | H6: 38687 | I6: - | J6: 38687 | L6: Directo | N6: Center | O6: 10
A7: 300478556 | B7: DF Six Robles Dominguez | C7: Plan 2023 | D7: Activo | E7: Apertura | F7: CE | G7: Valle de Mex | H7: 38687 | I7: - | J7: 38687 | L7: Directo | N7: Southeast | O7: 40
A8: 300478722 | B8: DF Six Nuevo Tlatelolco | C8: Plan 2023 | D8: Activo | E8: Apertura | F8: CE | G8: Valle de Mex | H8: 38687 | I8: - | J8: 38687 | L8: Directo | N8: SIX Nacional | O8: 145
A9: 300168691 | B9: EDM SIX MARTE | C9: Plan 2023 | D9: Activo | E9: Apertura | F9: CE | G9: Hidalgo | H9: 38687 | I9: - | J9: 38687 | L9: Directo
A10: 300235434 | B10: PUE Six IMSS | C10: Plan 2023 | D10: Activo | E10: Apertura | F10: CE | G10: Puebla - Tlaxcala | H10: 38687 | I10: - | J10: 38687 | L10: Directo
A11: 300235465 | B11: TLAX La Cantera Juarez Sur | C11: Plan 2023 | D11: Activo | E11: Apertura | F11: CE | G11: Puebla - Tlaxcala | H11: 38687 | I11: - | J11: 38687 | L11: Directo
A12: 300220624 | B12: PUE Six Chachapa | C12: Plan 2023 | D12: Activo | E12: Apertura | F12: CE | G12: Puebla - Tlaxcala | H12: 39295 | I12: - | J12: 39295 | L12: Directo
A13: 300349308 | B13: Six Hornos | C13: Plan 2023 | D13: Activo | E13: Apertura | F13: SE | G13: Oaxaca | H13: 39722 | I13: - | J13: 39722 | L13: Directo
A14: 300349552 | B14: La Cantera Morelos | C14: Plan 2023 | D14: Activo | E14: Apertura | F14: SE | G14: Oaxaca | H14: 39783 | I14: - | J14: 39783 | L14: Directo
A15: 300144553 | B15: Six El Tulipan | C15: Plan 2023 | D15: Activo | E15: Apertura | F15: SE | G15: Tabasco - Ver Sur | H15: 40238 | I15: - | J15: 40238 | L15: Directo
A16: 300153822 | B16: Six Pacabtun Eventos | C16: Plan 2023 | D16: Activo | E16: Apertura | F16: SE | G16: YuCam | H16: 38687 | I16: - | J16: 38687 | L16: Directo
A17: 301181035 | B17: Six Micro | C17: Plan 2023 | D17: Activo | E17: Captura | F17: SE | G17: Tabasco - Ver Sur | H17: 42767 | I17: - | J17: 42767 | L17: Directo
A18: 301190083 | B18: SIX SAN JOAQUIN | C18: Plan 2023 | D18: Activo | E18: Captura | F18: SE | G18: YuCam | H18: 42887 | I18: - | J18: 42887 | L18: Directo
A19: 301283684 | B19: Six La Villa | C19: Plan 2023 | D19: Activo | E19: Captura | F19: SE | G19: Tabasco - Ver Sur | H19: 43252 | I19: - | J19: 43252 | L19: Directo
A20: 301305209 | B20: Six El Pozo | C20: Plan 2023 | D20: Activo | E20: Apertura | F20: SE | G20: Veracruz Cto | H20: 43344 | I20: - | J20: 43344 | L20: Directo
... A143: 301287055 | B143: Que Six Colegio Militar | C143: Plan 2023 | D143: Activo | E143: Apertura | F143: WE | G143: Guanajuato - Querétaro | H143: 43221 | I143: - | J143: 43221 | L143: Directo

Sheet Sheet1
B2: CeCo | C2: Negocio | D2: Región | E2: GZ | F2: Tipo de Cierre | G2: EE Responsable
B3: 301051269 | C3: Six la Pera | D3: SURESTE | E3: TABASCO | F3: INSECURITY | G3: MOISES HERNANDEZ
B4: 301188744 | C4: Six Bosques | D4: SURESTE | E4: TABASCO | F4: INSECURITY | G4: JUAN CARLOS JUAREZ
B5: 301188753 | C5: Six la Selva | D5: SURESTE | E5: TABASCO | F5: INSECURITY | G5: JUAN CARLOS JUAREZ
B6: 301359140 | C6: (12N) Tab six paseo de la union | D6: SURESTE | E6: TABASCO | F6: INSECURITY | G6: JUAN CARLOS JUAREZ
B7: 300126669 | C7: Six Chuzo | D7: SURESTE | E7: TABASCO | F7: INSECURITY | G7: MOISES HERNANDEZ
B8: 300130289 | C8: Six Agua Dulce | D8: SURESTE | E8: VER SUR | F8: NATURAL | G8: MOISES HERNANDEZ
B9: 300857239 | C9: Six Medellin | D9: SURESTE | E9: VER CTO | F9: NATURAL | G9: DANIELA VALENZUELA
B10: 301117913 | C10: BCN Six Santa Fe | D10: NW | E10: GZ - BC | F10: Region Plan | G10: Jorge Mendizabal (BCN 1)
B11: 300276633 | C11: Tkt Six Deposito Rumorosa | D11: NW | E11: GZ - BC | F11: Region Plan | G11: Mario Garcia (BCN 2)
B12: 301111855 | C12: Sin Six El Guero | D12: NW | E12: GZ - SINALOA | F12: Region Plan | G12: Lorena Duarte (SINALOA CTO - NTE 2)
B13: 300922176 | C13: Sin Six Kiosko | D13: NW | E13: GZ - SINALOA | F13: Region Plan | G13: Nohemi Castillo (SINALOA SUR)
B14: 300098412 | C14: Super Six el Pacifico | D14: NW | E14: GZ - CHIHUAHUA | F14: Region Plan | G14: Gerardo Borunda (CHIH NTE)
... B26: 301044175 | C26: Son Six la Colonia | D26: NW | E26: GZ - SONORA | F26: Region Plan | G26: Edna Méndez (SONORA NTE)
B27: 300857239 | C27: Six Medellin | D27: SE | E27: Ver Centro | F27: Insecurity
B28: 300130289 | C28: Six Agua Dulce | D28: SE | E28: Veracruz Sur | F28: Natural
B29: 300159355 | C29: Yuc Six Karol | D29: SE | E29: YuCam | F29: Natural
B30: 300156241 | C30: Cam Six Olimpia | D30: SE | E30: YuCam | F30: Natural
B31: 300156291 | C31: Six Pato Lucas | D31: SE | E31: YuCam | F31: Natural
B32: 301349622 | C32: Cam Six Chepetete | D32: SE | E32: YuCam | F32: Natural
B33: 301128430 | C33: SIX EL 31 | D33: SE | E33: Tabasco | F33: Natural
B34: 301051269 | C34: Six la Pera | D34: SE | E34: Tabasco | F34: Insecurity
B35: 301188744 | C35: Six Bosques | D35: SE | E35: Tabasco | F35: Insecurity
B36: 301188753 | C36: Six la Selva | D36: SE | E36: Tabasco | F36: Insecurity
B37: 301359140 | C37: (12N) Tab six paseo de la union | D37: SE | E37: Tabasco | F37: Insecurity
B38: 300126669 | C38: Six Chuzo | D38: SE | E38: Tabasco | F38: Insecurity
... B40: 300142093 | C40: TAB Six La Curva | D40: SE | E40: Tabasco | F40: Natural
B41: 300706709 | C41: Gto Six Miravalle | D41: energía verde | F41: Legal
B42: 300799668 | C42: SIX DALIAS | D42: energía verde | F42: Legal
B43: 300793564 | C43: SLP SIX Reforma ll | D43: energía verde | F43: Inseguridad
B44: 300221185 | C44: PUE Six San Jeronimo Caleras | D44: CE
B45: 300483192 | C45: Oasis Toluca | D45: CE | F45: Natural
B46: 301019893 | C46: PUE Six Ortiz | D46: CE | F46: Natural
B47: 301331641 | C47: CDMX SIX Hank Gonzalez | D47: CE | F47: Region Plan
B48: 301408350 | C48: VDM SIX I MINI SUPER ANAHI | D48: CE
B49: 301445419 | C49: VDM SIX I Super Ya Ferny | D49: CE | F49: Legal
B50: 301427152 | C50: SIX 1 El uno | D50: CE | F50: Legal
